Date,clsprc_pre,opnprc,highprc,lowprc,clsprc,volume,dvol,ret,idxret
20160104,7617.689,7615.5139,7624.1008,6983.2854,6983.4044,7801499900,115000000000,-8.3265,-0.083265
20160105,6983.4044,6663.7264,7020.5409,6627.6416,6889.7414,11342822500,157000000000,-1.3412,-0.013412
20160106,6889.7414,6916.5318,7066.0848,6878.6539,7065.6068,10093042700,136000000000,2.5526,0.025526
20160107,7065.6068,6937.4161,6937.4161,6454.9732,6462.2428,2842674200,34781544777,-8.5395,-0.085395
20160108,6462.2428,6618.0809,6689.1413,6222.5929,6570.4316,11112960500,139000000000,1.6742,0.016742
20160111,6570.4316,6435.8944,6529.8788,6128.2225,6128.6558,11560073600,133000000000,-6.7237,-0.067237
20160112,6128.6558,6126.6696,6205.5914,5994.6361,6136.6632,9190522000,106000000000,0.1307,0.001307
20160113,6136.6632,6168.9869,6226.5409,5924.044,5924.044,8612340200,98456702875,-3.4647,-0.034647
20160114,5924.044,5734.6075,6137.507,5726.8834,6124.8202,9225144600,104000000000,3.3892,0.033892
20160115,6124.8202,6078.6153,6135.2708,5852.2411,5893.6815,8863053900,102000000000,-3.7738,-0.037738
20160118,5893.6815,5768.7577,6051.1817,5765.1458,5978.9076,7246978900,86980313690,1.4461,0.014461
20160119,5978.9076,5965.3551,6203.3998,5956.2253,6197.0947,8798101500,106000000000,3.6493,0.036493
20160120,6197.0947,6161.2319,6244.9612,6095.7216,6138.5031,9194751800,113000000000,-0.9455,-0.009455
20160121,6138.5031,6031.1695,6191.3173,5886.8835,5886.8835,8188276500,101000000000,-4.099,-0.04099
20160122,5886.8835,5954.3643,6013.9706,5799.7117,5980.6111,6983070900,84429369084,1.5921,0.015921
20160125,5980.6111,6034.0844,6093.2693,5976.3363,6041.3261,6530851400,78677683156,1.0152,0.010152
20160126,6041.3261,5966.7049,5982.4993,5573.8266,5589.3069,8544391700,98104095983,-7.4821,-0.074821
20160127,5589.3069,5604.1667,5628.1856,5240.6457,5514.1886,8792411800,95354931801,-1.344,-0.01344
20160128,5514.1886,5441.7378,5511.3206,5257.0812,5271.2325,6733807600,73152739267,-4.406,-0.04406
20160129,5271.2325,5262.4596,5515.4864,5248.215,5469.1254,7235909100,78303710591,3.7542,0.037542
20160201,5469.1254,5458.6048,5493.9818,5319.7007,5399.4771,6471611400,70863332935,-1.2735,-0.012735
20160202,5399.4771,5407.7068,5594.3607,5407.6681,5586.6266,6657196200,75674180029,3.4661,0.034661
20160203,5586.6266,5520.6415,5634.9198,5482.2247,5610.1734,6328072600,70624920617,0.4215,0.004215
20160204,5610.1734,5631.3198,5744.0236,5631.3198,5721.4853,7108398200,83226216373,1.9841,0.019841
20160205,5721.4853,5734.4807,5747.9794,5662.4365,5664.1971,5607554500,65321968979,-1.0013,-0.010013
20160215,5664.1971,5485.723,5700.5221,5482.7957,5668.0398,5363125300,63351303196,0.0678,0.000678
20160216,5668.0398,5694.7487,5918.5932,5694.7487,5902.5341,8287714300,98534904807,4.1371,0.041371
20160217,5902.5341,5889.5021,5979.4073,5854.2197,5971.4123,9058252000,108000000000,1.1669,0.011669
20160218,5971.4123,6009.7485,6034.8519,5945.204,5957.1305,9371479800,110000000000,-0.2392,-0.002392
20160219,5957.1305,5939.6973,6009.724,5919.6832,5979.5164,7038049900,86849115989,0.3758,0.003758
20160222,5979.5164,6055.6751,6111.6899,6029.4589,6103.7225,9432052000,111000000000,2.0772,0.020772
20160223,6103.7225,6102.5122,6118.6447,5982.211,6070.4998,8787487600,107000000000,-0.5443,-0.005443
20160224,6070.4998,6041.7529,6116.2549,5975.1403,6111.0427,8981957900,111000000000,0.6679,0.006679
20160225,6111.0427,6097.4199,6097.5442,5604.1035,5626.0522,11066865300,130000000000,-7.9363,-0.079363
20160226,5626.0522,5668.329,5701.0506,5517.6299,5648.9376,7985789500,91756326917,0.4068,0.004068
20160229,5648.9376,5618.5094,5618.5094,5286.3446,5350.4337,8670315300,93375908218,-5.2842,-0.052842
20160301,5350.4337,5361.7919,5504.7514,5294.5438,5473.6349,8080357100,87222593763,2.3026,0.023026
20160302,5473.6349,5464.7331,5763.7994,5462.7415,5753.1482,11067195200,118000000000,5.1065,0.051065
20160303,5753.1482,5757.3608,5872.9242,5745.6227,5776.977,12852736000,136000000000,0.4142,0.004142
20160304,5776.977,5755.1192,5805.4085,5542.9828,5621.5614,10882994800,117000000000,-2.6903,-0.026903
20160307,5621.5614,5686.6863,5788.4718,5681.8474,5752.5482,8717058100,94467279705,2.3301,0.023301
20160308,5752.5482,5751.3875,5764.3253,5538.1512,5764.3253,9814965600,106000000000,0.2047,0.002047
20160309,5764.3253,5627.1384,5709.5166,5583.0666,5617.0376,7261532300,80804882924,-2.5552,-0.025552
20160310,5617.0376,5617.4152,5657.2629,5517.0161,5521.948,5955941100,67298081387,-1.6929,-0.016929
20160311,5521.948,5460.5423,5545.3432,5433.3223,5508.9818,4980002200,55449986936,-0.2348,-0.002348
20160314,5508.9818,5568.464,5748.3333,5568.464,5690.5904,7999741800,95153496604,3.2966,0.032966
20160315,5690.5904,5672.7536,5701.5681,5608.9982,5639.8012,6626890000,82607046675,-0.8925,-0.008925
20160316,5639.8012,5662.4386,5689.281,5531.3341,5562.8037,5748733200,69542980639,-1.3653,-0.013653
20160317,5562.8037,5589.2203,5759.5403,5579.725,5745.975,8457575800,106000000000,3.2928,0.032928
20160318,5745.975,5774.303,5967.459,5768.908,5949.263,12516034100,158000000000,3.5379,0.035379
20160321,5949.263,6016.6943,6100.032,6001.3219,6099.4805,13182551400,167000000000,2.525,0.02525
20160322,6099.4805,6045.8393,6130.2647,6013.0489,6075.4922,10772165400,140000000000,-0.3933,-0.003933
20160323,6075.4922,6054.2224,6119.3058,6031.2721,6118.9664,8966132400,119000000000,0.7156,0.007156
20160324,6118.9664,6062.7577,6127.5122,6008.5416,6018.4242,10143974300,135000000000,-1.6431,-0.016431
20160325,6018.4242,6006.6685,6081.0923,5996.5377,6077.4312,7823131200,103000000000,0.9804,0.009804
20160328,6077.4312,6114.7665,6167.2381,6017.4883,6037.7782,9378233000,124000000000,-0.6525,-0.006525
20160329,6037.7782,6029.9433,6041.3823,5875.0699,5921.8672,7900397500,99950096210,-1.9198,-0.019198
20160330,5921.8672,5981.4209,6137.7915,5981.4209,6137.5034,8806129200,117000000000,3.6414,0.036414
20160331,6137.5034,6164.281,6211.1386,6133.5955,6155.8138,9491572200,130000000000,0.2983,0.002983
20160401,6155.8138,6129.7241,6157.7401,6022.9698,6124.5278,8521953300,109000000000,-0.5082,-0.005082
20160405,6124.5278,6136.6854,6293.4695,6117.1766,6286.5826,10554304900,137000000000,2.646,0.02646
20160406,6286.5826,6262.6013,6324.2045,6243.1129,6323.4342,10467457900,139000000000,0.5862,0.005862
20160407,6323.4342,6344.3677,6355.3277,6228.9737,6228.9737,10992715000,145000000000,-1.4938,-0.014938
20160408,6228.9737,6176.8641,6199.1468,6087.104,6168.7419,8867017300,117000000000,-0.967,-0.00967
20160411,6168.7419,6226.381,6334.536,6226.381,6304.3004,10219997800,136000000000,2.1975,0.021975
20160412,6304.3004,6299.472,6316.248,6182.8182,6252.7729,8706176700,119000000000,-0.8173,-0.008173
20160413,6252.7729,6292.5692,6421.7271,6292.5692,6344.2255,13298998400,168000000000,1.4626,0.014626
20160414,6344.2255,6375.4939,6402.509,6324.4635,6401.8545,9908817600,126000000000,0.9084,0.009084
20160415,6401.8545,6403.2525,6414.7939,6345.5538,6384.3496,8279805500,108000000000,-0.2734,-0.002734
20160418,6384.3496,6343.7013,6343.7013,6241.9826,6281.2024,8040047200,107000000000,-1.6156,-0.016156
20160419,6281.2024,6314.5816,6334.904,6262.6116,6308.229,6943866700,94250908350,0.4303,0.004303
20160420,6308.229,6331.8699,6344.7813,5923.4332,6022.2126,11732538700,151000000000,-4.534,-0.04534
20160421,6022.2126,6000.3047,6085.9349,5960.504,5970.682,8480859200,106000000000,-0.8557,-0.008557
20160422,5970.682,5930.531,6011.4595,5915.3057,6011.3201,6232381100,80109649141,0.6806,0.006806
20160425,6011.3201,5997.2134,5997.2189,5897.7351,5978.0772,5703433300,73555799591,-0.553,-0.00553
20160426,5978.0772,5971.8051,6047.0641,5958.4005,6046.7734,5605530500,73373212045,1.1491,0.011491
20160427,6046.7734,6051.4431,6086.3639,6005.1631,6016.699,6073158100,80741694223,-0.4974,-0.004974
20160428,6016.699,6014.1258,6027.1966,5888.0639,5990.3285,6043070100,79015956809,-0.4383,-0.004383
20160429,5990.3285,5963.9077,6018.2657,5953.131,5985.594,4970418800,66777694275,-0.079,-0.00079
20160503,5985.594,5991.8294,6167.7976,5960.9405,6167.4537,7583105900,103000000000,3.0383,0.030383
20160504,6167.4537,6144.5691,6213.1931,6136.3005,6169.7826,7455574000,105000000000,0.0378,0.000378
20160505,6169.7826,6159.7265,6206.5295,6133.3802,6203.8166,6455896700,91831346308,0.5516,0.005516
20160506,6203.8166,6208.4401,6226.8759,5961.4591,5961.489,9805691800,131000000000,-3.9061,-0.039061
20160509,5961.489,5910.124,5910.124,5714.1191,5743.6473,7823338100,96969986068,-3.6541,-0.036541
20160510,5743.6473,5728.1084,5766.1568,5697.0927,5738.8961,5265774500,66883087275,-0.0827,-0.000827
20160511,5738.8961,5770.3526,5806.4691,5700.0955,5723.4104,5801112600,76234410712,-0.2698,-0.002698
20160512,5723.4104,5647.0653,5727.5784,5559.693,5726.4555,5821581400,74358072552,0.0532,0.000532
20160513,5726.4555,5708.6277,5779.8921,5677.9415,5714.3107,5307673600,70802834355,-0.2121,-0.002121
20160516,5714.3107,5692.6051,5813.0362,5665.2063,5812.5423,5796089800,76918597408,1.719,0.01719
20160517,5812.5423,5814.1028,5853.6109,5763.5055,5790.3416,6526013800,88432065961,-0.3819,-0.003819
20160518,5790.3416,5743.0332,5743.0332,5563.0572,5631.1927,6370485600,79484187005,-2.7485,-0.027485
20160519,5631.1927,5628.7267,5729.4001,5628.6462,5666.7331,5643894000,76915663735,0.6311,0.006311
20160520,5666.7331,5619.9362,5733.2495,5600.492,5732.9018,5593607600,76729349144,1.1677,0.011677
20160523,5732.9018,5752.1453,5811.6842,5752.0785,5809.4761,6277779200,85829084667,1.3357,0.013357
20160524,5809.4761,5800.0034,5800.1706,5701.6635,5743.1782,5795641600,76372608104,-1.1412,-0.011412
20160525,5743.1782,5780.266,5803.9847,5691.6085,5715.1834,5330295600,74090916117,-0.4874,-0.004874
20160526,5715.1834,5705.0725,5744.8548,5598.6616,5744.3876,5966572700,79416816225,0.511,0.00511
20160527,5744.3876,5728.9033,5780.0682,5712.4793,5739.5897,5998470400,80771652279,-0.0835,-0.000835
20160530,5739.5897,5705.9957,5764.7614,5655.6352,5711.3152,4888800300,65125799190,-0.4926,-0.004926
20160531,5711.3152,5721.8261,5947.4279,5721.8261,5947.3224,9523807200,124000000000,4.1323,0.041323
20160601,5947.3224,5957.1761,6013.9035,5949.6366,5973.7799,9451398700,131000000000,0.4449,0.004449
20160602,5973.7799,5961.7154,6014.6099,5955.3472,6013.8942,8124530800,109000000000,0.6715,0.006715
20160603,6013.8942,6016.9487,6062.1379,5992.3207,6032.603,8484351400,118000000000,0.3111,0.003111
20160606,6032.603,6051.9476,6067.4652,6008.9257,6051.8595,7355282000,102000000000,0.3192,0.003192
20160607,6051.8595,6048.3198,6052.0491,6010.3535,6045.3571,6959825800,95045442990,-0.1074,-0.001074
20160608,6045.3571,6037.4133,6058.1769,5972.7439,6023.8776,7349816300,102000000000,-0.3553,-0.003553
20160613,6023.8776,5943.7334,5992.3346,5745.9998,5746.4438,8713985700,118000000000,-4.6056,-0.046056
20160614,5746.4438,5723.9941,5778.8537,5700.5226,5762.7612,6203270400,81369911480,0.284,0.00284
20160615,5762.7612,5701.3881,5972.8525,5692.8145,5952.846,9087860500,122000000000,3.2985,0.032985
20160616,5952.846,5945.4943,5979.1155,5909.6871,5930.5454,9603146000,133000000000,-0.3746,-0.003746
20160617,5930.5454,5937.3204,6002.6166,5918.1931,5964.2724,8906684100,118000000000,0.5687,0.005687
20160620,5964.2724,5965.8246,5994.9995,5908.4815,5985.5691,7453014500,100000000000,0.3571,0.003571
20160621,5985.5691,6023.9225,6053.4091,5888.3583,5916.8032,8814068600,119000000000,-1.1489,-0.011489
20160622,5916.8032,5901.1504,6009.0569,5895.9138,6008.8857,7241714500,93026461914,1.5563,0.015563
20160623,6008.8857,5998.6728,6015.182,5933.6833,5978.1737,7797955600,104000000000,-0.5111,-0.005111
20160624,5978.1737,5967.5154,6011.3713,5748.8387,5903.6202,9841986800,126000000000,-1.2471,-0.012471
20160627,5903.6202,5864.726,6044.3229,5864.6141,6044.2191,8404790700,112000000000,2.3816,0.023816
20160628,6044.2191,6018.912,6111.0708,6012.0512,6107.5105,9495272300,128000000000,1.0471,0.010471
20160629,6107.5105,6130.576,6145.0001,6100.084,6120.2021,9305521800,122000000000,0.2078,0.002078
20160630,6120.2021,6127.9892,6143.2323,6090.9036,6123.4939,7729966100,103000000000,0.0538,0.000538
20160701,6123.4939,6133.7178,6163.4256,6095.85,6111.5385,7381443300,96454340221,-0.1952,-0.001952
20160704,6111.5385,6079.5844,6240.603,6078.6278,6231.8811,10007819100,126000000000,1.9691,0.019691
20160705,6231.8811,6244.387,6276.8212,6226.2952,6269.5046,10792880000,137000000000,0.6037,0.006037
20160706,6269.5046,6250.4887,6299.7335,6231.5408,6297.3969,9506962200,122000000000,0.4449,0.004449
20160707,6297.3969,6291.0571,6342.4345,6256.272,6319.7926,11245359700,152000000000,0.3556,0.003556
20160708,6319.7926,6308.0623,6337.0713,6276.8299,6299.8533,8806474100,117000000000,-0.3155,-0.003155
20160711,6299.8533,6320.0629,6387.0702,6306.1335,6312.4988,10366286600,140000000000,0.2007,0.002007
20160712,6312.4988,6309.819,6395.4352,6248.934,6395.1448,11687378800,148000000000,1.3092,0.013092
20160713,6395.1448,6413.8122,6456.7724,6392.3995,6446.5634,11212208100,143000000000,0.804,0.00804
20160714,6446.5634,6437.277,6458.288,6410.3989,6455.5827,9527158100,125000000000,0.1399,0.001399
20160715,6455.5827,6459.6255,6469.0454,6409.7969,6441.0159,9319290400,120000000000,-0.2256,-0.002256
20160718,6441.0159,6426.8558,6455.459,6379.0647,6412.0731,8933062800,116000000000,-0.4494,-0.004494
20160719,6412.0731,6407.0339,6431.9383,6355.4787,6431.9383,8096187200,109000000000,0.3098,0.003098
20160720,6431.9383,6429.689,6454.179,6404.1539,6417.9223,7482030800,101000000000,-0.2179,-0.002179
20160721,6417.9223,6414.8007,6487.0216,6405.6019,6442.7093,8743792600,117000000000,0.3862,0.003862
20160722,6442.7093,6437.8833,6448.3659,6385.2522,6390.9254,8644549300,115000000000,-0.8038,-0.008038
20160725,6390.9254,6383.5616,6441.3161,6374.2552,6408.7831,8109003900,106000000000,0.2794,0.002794
20160726,6408.7831,6410.8227,6494.7395,6410.8227,6494.4743,8155655600,103000000000,1.3371,0.013371
20160727,6494.4743,6499.3377,6515.8778,6154.4592,6229.2885,13852789300,175000000000,-4.0833,-0.040833
20160728,6229.2885,6220.9168,6273.3798,6148.8585,6243.2883,9131871200,114000000000,0.2247,0.002247
20160729,6243.2883,6239.8538,6259.1994,6183.1647,6202.8923,7268133200,90326551800,-0.647,-0.00647
20160801,6202.8923,6179.2019,6179.2019,6046.4023,6109.2782,7291022100,87691638034,-1.5092,-0.015092
20160802,6109.2782,6100.7491,6168.6819,6099.2499,6168.5088,5580505600,66288104959,0.9695,0.009695
20160803,6168.5088,6154.4741,6203.6148,6140.8294,6198.3885,6868695100,80885121046,0.4844,0.004844
20160804,6198.3885,6194.2028,6245.3048,6174.2398,6238.2309,7055639400,84228162264,0.6428,0.006428
20160805,6238.2309,6231.5257,6251.3982,6202.8622,6203.2872,6754335600,81408223905,-0.5602,-0.005602
20160808,6203.2872,6191.6474,6290.8999,6152.5791,6290.7562,7704788000,87087721739,1.41,0.0141
20160809,6290.7562,6283.2888,6341.7233,6281.0723,6341.5497,7816512200,92794683063,0.8074,0.008074
20160810,6341.5497,6336.5359,6366.089,6314.5125,6318.2681,7719742400,91372973411,-0.3671,-0.003671
20160811,6318.2681,6304.7771,6318.9779,6226.3129,6226.3129,7068452700,84068495381,-1.4554,-0.014554
20160812,6226.3129,6218.3533,6299.0915,6204.9613,6299.0915,6863547800,77608881956,1.1689,0.011689
20160815,6299.0915,6309.4141,6451.929,6289.7246,6442.5272,11798146800,136000000000,2.2771,0.022771
20160816,6442.5272,6449.9066,6488.7007,6446.2363,6468.8946,10971284000,130000000000,0.4093,0.004093
20160817,6468.8946,6462.0466,6502.1391,6437.2631,6488.3648,9578850800,110000000000,0.301,0.00301
20160818,6488.3648,6485.9268,6527.1975,6466.3975,6490.408,11041553500,120000000000,0.0315,0.000315
20160819,6490.408,6485.7195,6516.9793,6451.612,6499.5548,9182709900,101000000000,0.1409,0.001409
20160822,6499.5548,6499.7527,6508.7968,6419.5628,6420.3544,9236915300,102000000000,-1.2186,-0.012186
20160823,6420.3544,6414.9819,6448.5425,6380.915,6428.6978,8057296300,86882141020,0.13,0.0013
20160824,6428.6978,6432.8787,6466.6253,6415.6998,6435.0586,7386234400,83336139396,0.0989,0.000989
20160825,6435.0586,6398.5641,6398.5641,6312.6532,6382.5704,7972243100,90859885170,-0.8157,-0.008157
20160826,6382.5704,6395.772,6460.8679,6395.7304,6410.7335,7478579400,88200838749,0.4413,0.004413
20160829,6410.7335,6409.1178,6442.3982,6398.7765,6427.5291,6895657000,82355641766,0.262,0.00262
20160830,6427.5291,6428.9659,6459.7148,6413.7103,6425.7543,6158835200,74080579914,-0.0276,-0.000276
20160831,6425.7543,6422.8012,6441.106,6390.699,6434.2103,6527700500,75033509484,0.1316,0.001316
20160901,6434.2103,6434.2608,6445.4324,6380.9005,6381.4755,7188610900,81004501535,-0.8196,-0.008196
20160902,6381.4755,6371.4921,6403.5722,6320.4791,6356.9538,6750696300,78519545108,-0.3843,-0.003843
20160905,6356.9538,6372.624,6419.7461,6372.624,6391.7923,6543463900,76419151271,0.548,0.00548
20160906,6391.7923,6392.6082,6493.3473,6345.6948,6492.9722,8682608700,105000000000,1.583,0.01583
20160907,6492.9722,6490.3301,6529.8114,6483.0878,6494.3159,9319020900,109000000000,0.0207,0.000207
20160908,6494.3159,6489.6169,6518.3321,6478.6477,6517.9835,7246413500,87823608439,0.3644,0.003644
20160909,6517.9835,6518.6757,6539.3476,6470.9046,6471.053,7867246300,95311303692,-0.72,-0.0072
20160912,6471.053,6362.77,6383.8434,6283.8161,6291.6364,9004175600,105000000000,-2.7726,-0.027726
20160913,6291.6364,6324.7438,6340.8722,6284.0368,6320.0315,6863666000,81512867167,0.4513,0.004513
20160914,6320.0315,6286.6174,6318.2705,6260.6525,6278.158,5831969200,69112385410,-0.6626,-0.006626
20160919,6278.158,6292.807,6344.4504,6292.807,6344.181,5497876400,63813913419,1.0516,0.010516
20160920,6344.181,6344.7056,6346.9304,6319.7623,6342.0328,5450561300,62741951536,-0.0339,-0.000339
20160921,6342.0328,6342.004,6362.9993,6335.3916,6343.7541,5029034300,60152141209,0.0271,0.000271
20160922,6343.7541,6381.1565,6410.57,6377.1734,6385.6353,6297160000,73959516342,0.6602,0.006602
20160923,6385.6353,6397.3334,6402.6392,6369.2226,6370.5834,6257830700,72046479365,-0.2357,-0.002357
20160926,6370.5834,6363.9308,6364.2086,6239.8672,6241.5157,7210665900,80920791482,-2.026,-0.02026
20160927,6241.5157,6229.8183,6287.3356,6200.5654,6286.9093,5640053300,63613816981,0.7273,0.007273
20160928,6286.9093,6300.8497,6300.8497,6266.7529,6281.2838,4916326200,55557965880,-0.0895,-0.000895
20160929,6281.2838,6288.9181,6323.4158,6288.9181,6298.7911,5069155800,58112818885,0.2787,0.002787
20160930,6298.7911,6292.0797,6338.299,6289.4658,6328.0856,4496512900,52590567656,0.4651,0.004651
20161010,6328.0856,6364.5166,6447.9361,6345.331,6447.6934,7272403500,87775587398,1.8901,0.018901
20161011,6447.6934,6451.0445,6486.6499,6443.7479,6486.4254,7885088700,89907667464,0.6007,0.006007
20161012,6486.4254,6463.8094,6484.0002,6452.4135,6482.7379,6771848700,77595765779,-0.0568,-0.000568
20161013,6482.7379,6480.9293,6501.5569,6468.1323,6484.831,6847165100,78494098696,0.0323,0.000323
20161014,6484.831,6476.2612,6477.8533,6423.5788,6469.4915,6586009700,75444317293,-0.2365,-0.002365
20161017,6469.4915,6478.5108,6487.6708,6394.4868,6413.1487,7170479600,83743641999,-0.8709,-0.008709
20161018,6413.1487,6409.7381,6509.2821,6409.7381,6509.2821,7369850800,86044533819,1.499,0.01499
20161019,6509.2821,6518.7373,6531.162,6476.562,6495.2574,7504880700,87276975360,-0.2155,-0.002155
20161020,6495.2574,6495.8268,6506.581,6474.7793,6498.2375,6557491200,75634634720,0.0459,0.000459
20161021,6498.2375,6498.9857,6506.6107,6424.4429,6475.2807,7319512600,83617171253,-0.3533,-0.003533
20161024,6475.2807,6479.5541,6546.7881,6472.9393,6539.4661,8607674500,93119437037,0.9912,0.009912
20161025,6539.4661,6543.4668,6563.5233,6536.9443,6563.3539,8392323000,94315371654,0.3653,0.003653
20161026,6563.3539,6561.1581,6561.2466,6511.657,6530.3898,8085924400,91780594799,-0.5022,-0.005022
20161027,6530.3898,6522.8868,6529.4679,6488.3634,6517.3594,6710299700,76662910799,-0.1995,-0.001995
20161028,6517.3594,6512.038,6536.8349,6455.1476,6455.8349,7069709600,79712066802,-0.944,-0.00944
20161031,6455.8349,6441.4348,6460.7728,6408.2731,6452.2058,6025368800,71768415874,-0.0562,-0.000562
20161101,6452.2058,6456.9993,6508.3642,6450.0204,6507.95,6253990200,72251174359,0.864,0.00864
20161102,6507.95,6494.9803,6506.7756,6450.0506,6455.1295,7229906800,82898303275,-0.8116,-0.008116
20161103,6455.1295,6442.3549,6521.0003,6436.9074,6483.7322,7754984500,88683292154,0.4431,0.004431
20161104,6483.7322,6482.6008,6502.7409,6449.5605,6462.5928,7063540600,81640501576,-0.326,-0.00326
20161107,6462.5928,6461.0006,6487.0601,6437.74,6468.8171,6881212600,76326265918,0.0963,0.000963
20161108,6468.8171,6487.6487,6518.1891,6476.4443,6503.1781,7244487800,78508137415,0.5312,0.005312
20161109,6503.1781,6504.4117,6507.8648,6380.5711,6453.5718,8806010200,96517280987,-0.7628,-0.007628
20161110,6453.5718,6501.6388,6538.7419,6501.6388,6536.9651,9062523800,96157565168,1.2922,0.012922
20161111,6536.9651,6539.3598,6584.4097,6527.4524,6583.8864,11037159400,118000000000,0.7178,0.007178
20161114,6583.8864,6568.6594,6624.2056,6566.0537,6615.0071,12666934300,129000000000,0.4727,0.004727
20161115,6615.0071,6622.878,6641.0354,6602.2812,6640.4616,10511091200,108000000000,0.3848,0.003848
20161116,6640.4616,6647.5287,6658.4279,6630.1238,6644.1878,9546867600,103000000000,0.0561,0.000561
20161117,6644.1878,6633.3099,6646.309,6596.896,6636.469,8453531200,87728988756,-0.1162,-0.001162
20161118,6636.469,6632.627,6643.9408,6592.8358,6602.3265,8127855100,86902679609,-0.5145,-0.005145
20161121,6602.3265,6597.1749,6635.8918,6591.9754,6611.5399,7875184400,90652603587,0.1395,0.001395
20161122,6611.5399,6619.8503,6661.5407,6617.0696,6661.246,9217780900,102000000000,0.7518,0.007518
20161123,6661.246,6668.2484,6676.6675,6617.7752,6631.1733,9396324000,104000000000,-0.4515,-0.004515
20161124,6631.1733,6635.2237,6656.9659,6607.0277,6623.0489,9358629900,105000000000,-0.1225,-0.001225
20161125,6623.0489,6620.2193,6652.916,6531.3667,6652.8177,8893463600,100000000000,0.4495,0.004495
20161128,6652.8177,6667.2656,6692.1415,6650.9193,6670.8035,9574136600,107000000000,0.2703,0.002703
20161129,6670.8035,6658.3551,6681.8812,6619.0387,6620.7949,10144690600,113000000000,-0.7497,-0.007497
20161130,6620.7949,6605.3611,6615.921,6568.7956,6585.5776,8152681300,91354956779,-0.5319,-0.005319
20161201,6585.5776,6593.5939,6624.8511,6593.0738,6624.4657,7781850900,87662536456,0.5905,0.005905
20161202,6624.4657,6617.8743,6623.7939,6520.9745,6520.9745,8109752500,91203225960,-1.5623,-0.015623
20161205,6520.9745,6462.2556,6522.5969,6451.0843,6486.0173,6682182100,75623703982,-0.5361,-0.005361
20161206,6486.0173,6496.1638,6514.0316,6484.979,6490.8897,5200919800,61621652399,0.0751,0.000751
20161207,6490.8897,6493.0029,6558.2433,6481.9199,6558.0247,5940641400,67819689395,1.0343,0.010343
20161208,6558.0247,6561.7215,6562.6574,6522.9608,6527.4338,5698976300,67589603421,-0.4665,-0.004665
20161209,6527.4338,6519.3949,6534.8963,6500.2146,6513.9155,5921829100,71500666286,-0.2071,-0.002071
20161212,6513.9155,6512.959,6519.628,6241.6118,6249.0784,9473677800,107000000000,-4.0657,-0.040657
20161213,6249.0784,6235.5581,6292.8031,6190.389,6278.1793,6520672800,75946019132,0.4657,0.004657
20161214,6278.1793,6269.0808,6299.0401,6216.9508,6239.4989,6897758400,81065251163,-0.6161,-0.006161
20161215,6239.4989,6216.1446,6310.7437,6211.2733,6280.3981,6473297300,75209830320,0.6555,0.006555
20161216,6280.3981,6279.2765,6329.1906,6273.0011,6318.5239,6220417600,71330845123,0.6071,0.006071
20161219,6318.5239,6319.8574,6330.3823,6297.3666,6320.7324,6257915800,70180562733,0.035,0.00035
20161220,6320.7324,6314.6113,6315.5363,6275.3113,6300.6383,6092065700,65544588691,-0.3179,-0.003179
20161221,6300.6383,6311.0581,6348.376,6311.0581,6347.6058,6363287000,70594550290,0.7454,0.007454
20161222,6347.6058,6341.2009,6350.2726,6313.8578,6341.7879,5961720700,64478216465,-0.0917,-0.000917
20161223,6341.7879,6339.3466,6343.8546,6277.66,6281.9966,5718248200,64218562488,-0.9428,-0.009428
20161226,6281.9966,6260.3396,6295.236,6194.2656,6294.7546,5444435800,60864353719,0.2031,0.002031
20161227,6294.7546,6291.6466,6311.0357,6284.0401,6288.8594,4927552400,56430287095,-0.0937,-0.000937
20161228,6288.8594,6288.7324,6295.8909,6257.1041,6270.2395,4857416500,54961473637,-0.2961,-0.002961
20161229,6270.2395,6261.8676,6286.7413,6242.9837,6252.6076,4502814200,51113318088,-0.2812,-0.002812
20161230,6252.6076,6255.6201,6275.5494,6241.7188,6263.6256,4692493700,54554271036,0.1762,0.001762
20170103,6263.6256,6273.8182,6320.9526,6273.7528,6320.7626,4857779100,57302999275,0.9122,0.009122
20170104,6320.7626,6321.7473,6395.0039,6314.1267,6394.6694,6673942300,78531887327,1.1693,0.011693
20170105,6394.6694,6391.5838,6412.8739,6385.1212,6399.2841,6144520300,72267790981,0.0722,0.000722
20170106,6399.2841,6398.8633,6401.7389,6364.8875,6371.6168,6490247300,73723002444,-0.4323,-0.004323
20170109,6371.6168,6365.3886,6415.4682,6357.3566,6415.4176,6397903100,74310358181,0.6874,0.006874
20170110,6415.4176,6412.7619,6428.834,6388.9201,6393.9283,6821068400,76722142933,-0.335,-0.00335
20170111,6393.9283,6381.7048,6402.8989,6331.5065,6331.9638,6284335900,68331890909,-0.9691,-0.009691
20170112,6331.9638,6325.6232,6339.3218,6269.199,6272.851,5343363400,57259476375,-0.9336,-0.009336
20170113,6272.851,6272.7899,6282.7162,6182.1048,6194.6575,5361148400,58444907279,-1.2465,-0.012465
20170116,6194.6575,6184.1292,6184.3369,5872.3953,6031.2414,7895834800,82148409479,-2.638,-0.02638
20170117,6031.2414,6006.0795,6082.2006,5957.0439,6082.0657,5054089800,54018905762,0.8427,0.008427
20170118,6082.0657,6067.1677,6098.7843,6049.9691,6068.593,4614218000,48404585975,-0.2215,-0.002215
20170119,6068.593,6054.7251,6074.4639,6029.6401,6043.675,4441961600,45854100379,-0.4106,-0.004106
20170120,6043.675,6037.5604,6129.5799,6034.9691,6121.9983,4571735400,49013086160,1.296,0.01296
20170123,6121.9983,6130.4404,6189.1736,6130.1951,6172.1671,5038973600,52727412759,0.8195,0.008195
20170124,6172.1671,6167.8403,6177.2076,6154.0678,6165.2642,5012780300,49571128604,-0.1118,-0.001118
20170125,6165.2642,6156.7761,6187.4333,6152.1441,6179.5681,4297428800,43740185010,0.232,0.00232
20170126,6179.5681,6183.1588,6224.1897,6183.1588,6223.7061,4054247700,41944886987,0.7143,0.007143
20170203,6223.7061,6227.4615,6231.6039,6190.8278,6207.0921,3554149100,37929189875,-0.2669,-0.002669
20170206,6207.0921,6206.5352,6259.4103,6195.4953,6259.2471,4575565600,50034776941,0.8402,0.008402
20170207,6259.2471,6254.2002,6269.4606,6223.5399,6255.927,5092823200,53950802890,-0.053,-0.00053
20170208,6255.927,6248.4708,6291.7658,6219.0209,6291.5977,5388511900,57742142041,0.5702,0.005702
20170209,6291.5977,6288.8842,6331.3294,6285.7284,6331.1771,7272232900,74903715864,0.6291,0.006291
20170210,6331.1771,6329.6825,6350.3394,6320.2482,6337.1081,8937713900,87202785397,0.0937,0.000937
20170213,6337.1081,6341.7267,6370.2071,6331.9619,6369.6526,8376505400,84625077163,0.5136,0.005136
20170214,6369.6526,6366.937,6378.0622,6346.5932,6374.8852,7606862900,75879186213,0.0821,0.000821
20170215,6374.8852,6367.6437,6379.7876,6301.0125,6311.6959,8407660700,84745249693,-0.9912,-0.009912
20170216,6311.6959,6308.3181,6363.8696,6306.5107,6359.3361,7507458100,75785517261,0.7548,0.007548
20170217,6359.3361,6356.0922,6365.6958,6300.51,6307.1627,7907995200,80705736069,-0.8204,-0.008204
20170220,6307.1627,6307.2342,6385.0625,6307.2342,6385.0625,7412663600,80325702731,1.2351,0.012351
20170221,6385.0625,6390.508,6434.5346,6386.904,6434.4383,7889690100,86222033428,0.7733,0.007733
20170222,6434.4383,6432.7507,6474.4899,6431.4088,6474.225,8752564100,95597767122,0.6183,0.006183
20170223,6474.225,6470.617,6482.2481,6435.7455,6473.993,8936667800,99277240144,-0.0036,-0.000036
20170224,6473.993,6466.1821,6477.4217,6445.0669,6476.1655,7625812700,85426215440,0.0336,0.000336
20170227,6476.1655,6476.376,6480.1867,6417.7848,6424.2549,7224501000,81011815135,-0.8016,-0.008016
20170228,6424.2549,6424.9954,6451.2916,6414.7839,6450.9701,6303112600,71170206500,0.4158,0.004158
20170301,6450.9701,6446.4356,6488.8245,6440.8074,6467.6385,7247967100,83177653149,0.2584,0.002584
20170302,6467.6385,6476.1055,6484.1156,6431.4355,6434.6262,7206417200,84092921492,-0.5104,-0.005104
20170303,6434.6262,6417.3888,6457.228,6398.8848,6452.839,6525325300,78891589125,0.283,0.00283
20170306,6452.839,6457.5928,6518.0421,6457.5928,6517.3235,6727767200,83853156141,0.9993,0.009993
20170307,6517.3235,6517.8451,6523.3598,6491.2635,6523.1868,6853491500,82330583705,0.09,0.0009
20170308,6523.1868,6519.9741,6525.1932,6478.5482,6497.0878,6306736900,75049470141,-0.4001,-0.004001
20170309,6497.0878,6484.5815,6484.8275,6425.0028,6439.3822,6423898200,73949329067,-0.8882,-0.008882
20170310,6439.3822,6436.7583,6464.6026,6436.6388,6447.9165,5635992900,69999414897,0.1325,0.001325
20170313,6447.9165,6444.5584,6508.0665,6412.708,6507.8964,6491243000,81201111069,0.9302,0.009302
20170314,6507.8964,6508.369,6518.7786,6480.0806,6493.4846,6027199500,74548113277,-0.2215,-0.002215
20170315,6493.4846,6486.3,6499.5423,6471.7207,6486.0616,5575008500,69104007281,-0.1143,-0.001143
20170316,6486.0616,6499.8323,6543.3407,6499.8323,6543.3407,6865461900,84809251031,0.8831,0.008831
20170317,6543.3407,6543.5573,6555.5786,6480.2914,6483.2463,7306370600,89911150469,-0.9184,-0.009184
20170320,6483.2463,6484.5404,6498.5658,6451.354,6498.3416,6164478300,76363964979,0.2328,0.002328
20170321,6498.3416,6494.7728,6516.0101,6484.687,6515.9458,5899504200,75784024757,0.2709,0.002709
20170322,6515.9458,6486.3011,6514.6285,6459.975,6499.7928,7227336600,88332148328,-0.2479,-0.002479
20170323,6499.7928,6502.1273,6533.6523,6445.8112,6512.1874,7691114700,95665083643,0.1907,0.001907
20170324,6512.1874,6509.2327,6552.7481,6500.0657,6546.615,8354782200,99764242487,0.5287,0.005287
20170327,6546.615,6545.4462,6555.7939,6510.4398,6516.0326,7748273700,91609824450,-0.4671,-0.004671
20170328,6516.0326,6509.0377,6519.0858,6483.6403,6498.6902,6126211400,74546542337,-0.2661,-0.002661
20170329,6498.6902,6504.2455,6522.5117,6461.5358,6480.543,8561404800,94145712453,-0.2792,-0.002792
20170330,6480.543,6467.063,6471.935,6369.1202,6375.7437,9651272400,103000000000,-1.6171,-0.016171
20170331,6375.7437,6374.565,6402.2179,6365.4474,6401.6479,7208277200,81869918412,0.4063,0.004063
20170405,6401.6479,6450.8955,6539.9665,6450.8955,6539.9665,9701497800,110000000000,2.1607,0.021607
20170406,6539.9665,6554.7454,6569.7021,6535.0376,6559.6526,9747113500,107000000000,0.301,0.00301
20170407,6559.6526,6554.2567,6593.949,6544.2362,6578.726,10059667100,115000000000,0.2908,0.002908
20170410,6578.726,6575.4597,6595.1986,6556.0781,6566.5441,10252932300,118000000000,-0.1852,-0.001852
20170411,6566.5441,6566.84,6631.9963,6531.5307,6629.1661,12773804800,148000000000,0.9537,0.009537
20170412,6629.1661,6625.8795,6626.761,6571.4755,6576.4761,11417302700,126000000000,-0.7948,-0.007948
20170413,6576.4761,6569.2398,6627.702,6562.7621,6615.7042,8771144000,95722060561,0.5965,0.005965
20170414,6615.7042,6623.4544,6623.8014,6522.7905,6528.1624,9751115100,108000000000,-1.3232,-0.013232
20170417,6528.1624,6500.9489,6502.036,6426.2797,6456.598,8753220700,99323748147,-1.0962,-0.010962
20170418,6456.598,6452.918,6491.8082,6416.1723,6418.2114,8018564100,91417770877,-0.5945,-0.005945
20170419,6418.2114,6390.3311,6401.4112,6285.9903,6350.6465,8700044700,95577254209,-1.0527,-0.010527
20170420,6350.6465,6349.4075,6377.8003,6299.8941,6347.7732,7917415700,92055492681,-0.0452,-0.000452
20170421,6347.7732,6345.7705,6364.6737,6296.8103,6300.7128,6087110100,72187532636,-0.7414,-0.007414
20170424,6300.7128,6282.331,6282.7398,6137.9201,6138.5049,7077136800,78586553277,-2.5744,-0.025744
20170425,6138.5049,6139.4842,6203.6818,6131.9512,6160.4612,6465772900,73714024619,0.3577,0.003577
20170426,6160.4612,6159.8926,6195.3247,6157.3991,6176.3981,6974602900,81432873560,0.2587,0.002587
20170427,6176.3981,6157.5184,6205.2293,6052.8806,6192.3044,8935778900,102000000000,0.2575,0.002575
20170428,6192.3044,6174.142,6214.1617,6166.7979,6211.8624,6676916700,76705995604,0.3158,0.003158
20170502,6211.8624,6205.1005,6216.4949,6186.1678,6216.115,7028900300,83553106435,0.0685,0.000685
20170503,6216.115,6205.6817,6225.6265,6174.6918,6197.4779,7247544700,85574278198,-0.2998,-0.002998
20170504,6197.4779,6180.0292,6236.8865,6151.8088,6176.3053,7741351300,89915586361,-0.3416,-0.003416
20170505,6176.3053,6155.1974,6164.2461,6089.0909,6089.6828,7155199600,81292488330,-1.4025,-0.014025
20170508,6089.6828,6076.458,6083.362,5975.2213,5975.5395,6718255500,76311198234,-1.8744,-0.018744
20170509,5975.5395,5953.8391,6012.4429,5919.5993,6012.0016,5472699300,62722952719,0.6102,0.006102
20170510,6012.0016,6010.7303,6038.9734,5885.5213,5885.841,6264566000,71467192554,-2.0985,-0.020985
20170511,5885.841,5856.4147,5873.9064,5731.4825,5872.6391,7305431400,77588395749,-0.2243,-0.002243
20170512,5872.6391,5859.3374,5889.93,5820.2939,5863.7832,5668562800,62606811862,-0.1508,-0.001508
20170515,5863.7832,5880.6961,5912.2661,5880.6961,5893.5075,4972593300,58911836309,0.5069,0.005069
20170516,5893.5075,5882.3298,6014.8806,5839.2197,6014.7344,7342661600,84036099309,2.057,0.02057
20170517,6014.7344,6006.4691,6055.9183,6001.0394,6027.6504,7314690900,84588690909,0.2147,0.002147
20170518,6027.6504,5983.3497,6030.109,5965.3503,5976.2998,6006212500,70971740790,-0.8519,-0.008519
20170519,5976.2998,5973.768,5990.4353,5942.6096,5974.9772,5506815200,64668962901,-0.0221,-0.000221
20170522,5974.9772,5962.2861,5987.3066,5873.0412,5888.8127,6089413900,66101128000,-1.4421,-0.014421
20170523,5888.8127,5879.5592,5893.816,5760.3248,5764.8759,6491864700,70779450169,-2.1046,-0.021046
20170524,5764.8759,5740.4428,5799.6834,5668.7221,5799.2499,5813084700,62845340538,0.5963,0.005963
20170525,5799.2499,5788.5567,5859.5019,5740.7985,5850.8006,7068395700,75351887954,0.8889,0.008889
20170526,5850.8006,5843.5212,5871.2139,5833.0876,5836.9338,5925619900,65692499036,-0.237,-0.00237
20170531,5836.9338,5887.9405,5913.1835,5820.2063,5824.1042,5847776900,66221305694,-0.2198,-0.002198
20170601,5824.1042,5810.4191,5810.5989,5709.6885,5709.9994,6027890500,65490263888,-1.9592,-0.019592
20170602,5709.9994,5696.8285,5780.5015,5655.762,5772.5174,5886884700,61562500697,1.0949,0.010949
20170605,5772.5174,5778.1891,5830.0525,5777.9509,5815.8022,5433329200,59775835963,0.7498,0.007498
20170606,5815.8022,5808.9716,5841.8803,5793.4367,5841.5232,4878150000,53237820722,0.4423,0.004423
20170607,5841.5232,5838.8814,5955.0236,5836.4411,5955.0153,7466605900,81742004615,1.9429,0.019429
20170608,5955.0153,5947.975,5972.7277,5940.7235,5958.977,6650654700,74753009505,0.0665,0.000665
20170609,5958.977,5952.4061,5971.5251,5922.7285,5969.2741,6210987400,69574732886,0.1728,0.001728
20170612,5969.2741,5943.6443,5950.0431,5896.4049,5902.8551,6035967500,70214585117,-1.1127,-0.011127
20170613,5902.8551,5895.4692,5986.8692,5894.2253,5980.0566,6042416900,70753185224,1.3079,0.013079
20170614,5980.0566,5976.0141,5992.7818,5958.2003,5966.4314,6092696300,71476434180,-0.2278,-0.002278
20170615,5966.4314,5959.4746,6024.3764,5959.1892,6021.1651,6499111000,73277153514,0.9174,0.009174
20170616,6021.1651,6016.9727,6027.395,6003.2623,6012.9996,5691259600,66287703874,-0.1356,-0.001356
20170619,6012.9996,6010.9392,6057.4115,6009.2243,6057.4115,5923158500,67315215224,0.7386,0.007386
20170620,6057.4115,6061.1098,6089.8121,6058.6882,6066.9046,6612240800,77790508880,0.1567,0.001567
20170621,6066.9046,6074.6095,6080.5326,6035.2737,6078.1925,5673042900,66856678681,0.1861,0.001861
20170622,6078.1925,6074.3663,6094.5533,5992.3352,5992.3352,6922564100,82350322636,-1.4125,-0.014125
20170623,5992.3352,5978.2385,6010.3137,5923.5507,6010.3137,6350512400,73951244991,0.3,0.003
20170626,6010.3137,6013.4788,6111.707,6011.8591,6111.6406,6984617800,86328092268,1.6859,0.016859
20170627,6111.6406,6109.3701,6128.3768,6089.6802,6113.1658,6231684900,75563273773,0.025,0.00025
20170628,6113.1658,6102.2283,6110.3484,6075.1424,6086.2112,6047948200,71450336215,-0.4409,-0.004409
20170629,6086.2112,6089.9202,6132.2451,6089.9202,6116.9932,5803528900,70846315032,0.5058,0.005058
20170630,6116.9932,6101.3648,6139.0677,6090.2523,6138.1556,5352122300,66361720180,0.346,0.00346
20170703,6138.1556,6142.1711,6177.3953,6129.8406,6177.3953,6382532200,74248241220,0.6393,0.006393
20170704,6177.3953,6169.0335,6170.852,6134.8792,6146.8527,6311419600,76708822695,-0.4944,-0.004944
20170705,6146.8527,6135.713,6193.9641,6127.5143,6193.9641,6862163800,83041215553,0.7664,0.007664
20170706,6193.9641,6187.4304,6211.9654,6149.9308,6201.6535,8287181400,97626267780,0.1241,0.001241
20170707,6201.6535,6182.4538,6229.8309,6176.7431,6226.0108,7932830700,93885482338,0.3928,0.003928
20170710,6226.0108,6221.5252,6236.2921,6189.0004,6206.5568,9037099900,105000000000,-0.3125,-0.003125
20170711,6206.5568,6194.6164,6202.2032,6128.9942,6128.9942,7698233000,90795353530,-1.2497,-0.012497
20170712,6128.9942,6124.9574,6143.7984,6050.6501,6132.9922,7557950100,89554635963,0.0652,0.000652
20170713,6132.9922,6134.7513,6172.6827,6124.3599,6149.9337,7913600900,96251741979,0.2762,0.002762
20170714,6149.9337,6143.3257,6143.4587,6107.9089,6128.7397,6638636000,80743682309,-0.3446,-0.003446
20170717,6128.7397,6108.452,6108.452,5860.78,5876.4592,10153616900,113000000000,-4.1164,-0.041164
20170718,5876.4592,5854.072,5938.4342,5842.9557,5938.4342,7656432300,83831518529,1.0546,0.010546
20170719,5938.4342,5928.0076,6059.5323,5917.6696,6059.3582,10290191400,109000000000,2.0363,0.020363
20170720,6059.3582,6052.5111,6120.1918,6046.4096,6099.2835,9382877000,106000000000,0.6589,0.006589
20170721,6099.2835,6089.6581,6136.9731,6080.5615,6126.1083,8313265400,97182317720,0.4398,0.004398
20170724,6126.1083,6121.3267,6171.8185,6117.2961,6167.1282,9729992400,114000000000,0.6696,0.006696
20170725,6167.1282,6159.4123,6170.6462,6113.5608,6153.5984,8922430400,103000000000,-0.2194,-0.002194
20170726,6153.5984,6151.8543,6162.8805,6111.038,6146.7028,8875349500,106000000000,-0.1121,-0.001121
20170727,6146.7028,6136.9603,6192.9383,6105.962,6184.0207,10400553800,121000000000,0.6071,0.006071
20170728,6184.0207,6170.6584,6229.0561,6165.9919,6215.4633,8646787900,105000000000,0.5084,0.005084
20170731,6215.4633,6214.6567,6299.8004,6208.461,6298.0004,11333106600,130000000000,1.3279,0.013279
20170801,6298.0004,6293.0559,6299.1562,6261.2848,6286.5362,10108155700,117000000000,-0.182,-0.00182
20170802,6286.5362,6289.2453,6313.5062,6248.3556,6251.8627,11401201100,133000000000,-0.5516,-0.005516
20170803,6251.8627,6240.1518,6288.4352,6236.66,6261.9676,10015993900,113000000000,0.1616,0.001616
20170804,6261.9676,6258.8472,6297.1163,6224.2026,6225.1151,12588838600,140000000000,-0.5885,-0.005885
20170807,6225.1151,6227.5184,6304.2674,6217.2893,6303.4209,10857231600,114000000000,1.2579,0.012579
20170808,6303.4209,6302.0261,6322.4694,6281.6178,6303.716,12038043700,131000000000,0.0047,0.000047
20170809,6303.716,6296.115,6340.3754,6285.0247,6340.022,11534764800,124000000000,0.5759,0.005759
20170810,6340.022,6322.8308,6341.4803,6246.658,6289.2174,11269947000,128000000000,-0.8013,-0.008013
20170811,6289.2174,6242.4877,6275.8931,6153.6005,6161.1903,11786061600,132000000000,-2.0357,-0.020357
20170814,6161.1903,6165.1298,6293.3517,6165.1298,6292.6418,8984502300,113000000000,2.1335,0.021335
20170815,6292.6418,6291.1835,6316.1989,6283.5442,6314.7608,8260366300,108000000000,0.3515,0.003515
20170816,6314.7608,6307.1705,6323.5599,6268.1876,6318.7986,8961769800,113000000000,0.0639,0.000639
20170817,6318.7986,6327.0275,6366.2517,6312.8892,6366.034,9872488600,119000000000,0.7475,0.007475
20170818,6366.034,6324.8974,6361.9716,6313.1511,6347.7557,9117455400,111000000000,-0.2871,-0.002871
20170821,6347.7557,6354.0964,6404.0497,6354.0107,6403.7803,8652179500,106000000000,0.8826,0.008826
20170822,6403.7803,6396.9258,6398.5649,6362.4094,6375.9814,8910016600,117000000000,-0.4341,-0.004341
20170823,6375.9814,6359.7757,6371.3,6310.0102,6322.7819,7560985100,94213289884,-0.8344,-0.008344
20170824,6322.7819,6322.6281,6329.0305,6267.2324,6278.59,6756758600,86463516864,-0.6989,-0.006989
20170825,6278.59,6274.3511,6358.8868,6274.3511,6346.5305,7554972700,94698935464,1.0821,0.010821
20170828,6346.5305,6348.87,6442.3999,6348.87,6424.5841,9489340100,123000000000,1.2299,0.012299
20170829,6424.5841,6420.5677,6439.0793,6393.4761,6408.1567,8770409700,111000000000,-0.2557,-0.002557
20170830,6408.1567,6405.8963,6462.7571,6405.8963,6453.4636,9555966100,116000000000,0.707,0.00707
20170831,6453.4636,6451.517,6470.9433,6429.7427,6470.4259,9102916900,111000000000,0.2628,0.002628
20170901,6470.4259,6472.9476,6530.8989,6466.1264,6526.5046,12111719200,141000000000,0.8667,0.008667
20170904,6526.5046,6530.5086,6566.1014,6519.7882,6564.6804,11998402500,144000000000,0.5849,0.005849
20170905,6564.6804,6561.6726,6576.5616,6528.1132,6571.8591,9523207700,120000000000,0.1094,0.001094
20170906,6571.8591,6550.0614,6610.7452,6540.8253,6607.1176,10547823300,136000000000,0.5365,0.005365
20170907,6607.1176,6601.3433,6614.1021,6553.6993,6558.5963,10706180700,134000000000,-0.7344,-0.007344
20170908,6558.5963,6554.6011,6599.132,6537.0408,6574.1826,9385159300,121000000000,0.2376,0.002376
20170911,6574.1826,6579.8857,6650.1193,6566.2776,6649.6276,10254740000,135000000000,1.1476,0.011476
20170912,6649.6276,6659.8017,6715.3935,6628.8825,6644.0118,14188027500,190000000000,-0.0845,-0.000845
20170913,6644.0118,6635.1693,6684.8593,6630.5032,6684.3798,10472243700,137000000000,0.6076,0.006076
20170914,6684.3798,6683.4734,6701.691,6643.5877,6672.1849,11396678200,145000000000,-0.1824,-0.001824
20170915,6672.1849,6661.5211,6663.5099,6603.7281,6622.0438,10938423400,134000000000,-0.7515,-0.007515
20170918,6622.0438,6616.1288,6669.4548,6616.1288,6669.4548,8885059700,111000000000,0.716,0.00716
20170919,6669.4548,6670.9661,6681.2538,6611.7512,6636.0201,9351872100,118000000000,-0.5013,-0.005013
20170920,6636.0201,6627.6924,6692.712,6613.6567,6692.4724,10197248600,127000000000,0.8507,0.008507
20170921,6692.4724,6684.6496,6687.1159,6612.0456,6612.0456,9893749300,121000000000,-1.2018,-0.012018
20170922,6612.0456,6591.1499,6592.8847,6547.2774,6572.0096,8523646900,103000000000,-0.6055,-0.006055
20170925,6572.0096,6560.1354,6567.9978,6484.2077,6489.8441,7782925000,97438346165,-1.2502,-0.012502
20170926,6489.8441,6484.3412,6520.7175,6482.2856,6520.7175,6776594500,82514551821,0.4757,0.004757
20170927,6520.7175,6523.4951,6589.7354,6522.2036,6583.1401,7517127200,94752430763,0.9573,0.009573
20170928,6583.1401,6577.4321,6599.127,6565.8825,6567.7915,7462589200,94419077217,-0.2332,-0.002332
20170929,6567.7915,6572.4498,6611.6531,6572.4498,6603.2587,7093629400,91769780478,0.54,0.0054
20171009,6603.2587,6682.5774,6696.6664,6657.5305,6678.371,8641966900,111000000000,1.1375,0.011375
20171010,6678.371,6677.3723,6705.7177,6658.8617,6705.4812,8700518600,111000000000,0.4059,0.004059
20171011,6705.4812,6702.6899,6703.5828,6661.0883,6666.4696,9074605300,121000000000,-0.5818,-0.005818
20171012,6666.4696,6658.1296,6674.3844,6611.9745,6659.0957,7796096200,99226610301,-0.1106,-0.001106
20171013,6659.0957,6660.0264,6711.9305,6659.8792,6709.8164,7292562100,94892307593,0.7617,0.007617
20171016,6709.8164,6709.8738,6709.8738,6609.6192,6619.2056,8587104800,109000000000,-1.3504,-0.013504
20171017,6619.2056,6604.33,6644.7522,6589.5417,6612.9428,5941924700,78773100832,-0.0946,-0.000946
20171018,6612.9428,6612.4885,6630.6685,6557.6601,6563.4369,7337096600,88963265926,-0.7486,-0.007486
20171019,6563.4369,6553.8676,6562.3529,6494.731,6501.3999,7261579000,85253455867,-0.9452,-0.009452
20171020,6501.3999,6489.7895,6571.442,6485.8051,6571.424,6047931600,77533389311,1.0771,0.010771
20171023,6571.424,6569.7861,6613.031,6562.9058,6612.7637,6048195300,79350010217,0.6291,0.006291
20171024,6612.7637,6605.5206,6605.8991,6556.3449,6603.0042,5917131400,78606997172,-0.1476,-0.001476
20171025,6603.0042,6596.7906,6648.3874,6593.0745,6647.892,5864690200,80183428258,0.6798,0.006798
20171026,6647.892,6639.8865,6686.1192,6630.9745,6671.9288,7490589400,105000000000,0.3616,0.003616
20171027,6671.9288,6664.4291,6673.4661,6622.1242,6630.8067,6792114100,90443686927,-0.6163,-0.006163
20171030,6630.8067,6621.7788,6629.3003,6460.0478,6511.7616,8376417500,109000000000,-1.7953,-0.017953
20171031,6511.7616,6496.6865,6560.2533,6496.6865,6560.2054,6226143600,88141843094,0.7439,0.007439
20171101,6560.2054,6559.5217,6586.1324,6547.8498,6552.9545,6463277600,92988635163,-0.1105,-0.001105
20171102,6552.9545,6541.6099,6541.6099,6476.3728,6484.9258,6755234700,90871972558,-1.0381,-0.010381
20171103,6484.9258,6477.8238,6491.0479,6395.4575,6426.9799,6825710200,89315916521,-0.8935,-0.008935
20171106,6426.9799,6432.0743,6512.1347,6408.3599,6511.0958,6671760000,93924410675,1.3088,0.013088
20171107,6511.0958,6508.2062,6552.2591,6498.3931,6551.9363,7237767400,97329814711,0.6272,0.006272
20171108,6551.9363,6544.59,6601.4665,6534.1588,6561.6897,7380679800,102000000000,0.1489,0.001489
20171109,6561.6897,6562.3584,6611.3856,6558.4895,6611.3517,6881846600,93514199765,0.7568,0.007568
20171110,6611.3517,6599.6498,6647.228,6593.033,6641.2164,8001249700,112000000000,0.4517,0.004517
20171113,6641.2164,6644.6915,6671.2557,6624.671,6671.2054,8459671200,122000000000,0.4516,0.004516
20171114,6671.2054,6664.6121,6673.7496,6588.2531,6614.5136,8474906100,120000000000,-0.8498,-0.008498
20171115,6614.5136,6592.7575,6603.5083,6505.9924,6537.6563,7394918100,108000000000,-1.1619,-0.011619
20171116,6537.6563,6529.3137,6570.2755,6511.9028,6558.3085,6794015900,97928408033,0.3159,0.003159
20171117,6558.3085,6549.2242,6555.7461,6359.5177,6361.9415,8901897200,116000000000,-2.9942,-0.029942
20171120,6361.9415,6330.9046,6433.7791,6239.3207,6433.1702,7006670500,95164685557,1.1196,0.011196
20171121,6433.1702,6420.3884,6473.7012,6397.3583,6456.352,6775458000,97778880445,0.3603,0.003603
20171122,6456.352,6456.324,6483.6282,6391.4563,6439.4419,7089592400,99818243008,-0.2619,-0.002619
20171123,6439.4419,6427.5761,6427.5761,6274.5116,6274.5116,7500973200,104000000000,-2.5613,-0.025613
20171124,6274.5116,6250.0573,6307.8896,6243.9629,6278.0287,5904905600,82258346140,0.0561,0.000561
20171127,6278.0287,6269.2264,6279.5884,6186.0337,6194.5522,5940749100,78092823001,-1.3297,-0.013297
20171128,6194.5522,6188.089,6299.3122,6188.089,6299.3122,5647823400,71418772703,1.6912,0.016912
20171129,6299.3122,6293.246,6329.1768,6245.0599,6318.3684,7656391500,94409003342,0.3025,0.003025
20171130,6318.3684,6303.9177,6322.0435,6248.1826,6263.421,6088335500,77704182844,-0.8696,-0.008696
20171201,6263.421,6259.9562,6323.8353,6256.2283,6316.4072,5474628200,72064723367,0.846,0.00846
20171204,6316.4072,6311.2164,6334.8705,6272.6686,6279.6206,6018816900,79301552972,-0.5824,-0.005824
20171205,6279.6206,6265.7867,6279.3926,6099.4066,6132.912,6969023200,87408924597,-2.3363,-0.023363
20171206,6132.912,6116.1611,6173.3507,6053.2411,6172.8031,6026721300,74993647698,0.6504,0.006504
20171207,6172.8031,6156.3505,6182.7533,6130.8335,6135.4702,5309797200,69245091449,-0.6048,-0.006048
20171208,6135.4702,6128.1209,6217.5728,6126.3771,6203.1433,5557924400,72390389048,1.103,0.01103
20171211,6203.1433,6214.6446,6286.5003,6214.6446,6286.1656,6111290600,77392024898,1.3384,0.013384
20171212,6286.1656,6281.1391,6290.8469,6233.2115,6233.2115,5661439700,73964805523,-0.8424,-0.008424
20171213,6233.2115,6224.7821,6277.7254,6217.7869,6277.441,5035200100,64676017755,0.7096,0.007096
20171214,6277.441,6273.607,6288.5024,6247.6765,6284.0807,5575924000,72497810176,0.1058,0.001058
20171215,6284.0807,6274.0975,6278.9264,6214.6465,6235.7608,6193811200,77690464896,-0.7689,-0.007689
20171218,6235.7608,6229.7416,6247.5919,6179.028,6199.9889,5377219000,67137249169,-0.5737,-0.005737
20171219,6199.9889,6200.9337,6251.492,6200.7071,6251.2416,5263930800,65186684817,0.8267,0.008267
20171220,6251.2416,6244.0618,6246.9097,6188.3236,6199.3628,5781453200,69446005873,-0.8299,-0.008299
20171221,6199.3628,6191.7811,6255.8425,6148.8168,6238.4987,5924585900,73900048518,0.6313,0.006313
20171222,6238.4987,6236.226,6269.3135,6235.226,6242.8847,5501064400,70736577942,0.0703,0.000703
20171225,6242.8847,6244.8639,6257.0206,6170.682,6185.5907,6126471200,75604344578,-0.9177,-0.009177
20171226,6185.5907,6179.5601,6220.4992,6148.1044,6220.1473,5767165600,69117514462,0.5587,0.005587
20171227,6220.1473,6213.2428,6228.8826,6168.131,6173.1528,6419752900,78009656616,-0.7555,-0.007555
20171228,6173.1528,6163.9637,6219.5391,6157.1051,6204.2702,6587754200,78010228451,0.5041,0.005041
20171229,6204.2702,6201.4554,6250.8207,6201.4554,6250.8207,5716563100,71841804485,0.7503,0.007503
20180102,6250.8207,6263.1506,6332.6089,6258.1563,6332.2269,7303223500,88153985316,1.3023,0.013023
20180103,6332.2269,6331.7199,6391.9799,6324.2604,6388.2533,8393674500,103000000000,0.8848,0.008848
20180104,6388.2533,6380.2665,6418.256,6375.5134,6417.535,8054369000,103000000000,0.4584,0.004584
20180105,6417.535,6414.7658,6435.854,6397.2929,6417.2537,8158101800,97642297444,-0.0044,-0.000044
20180108,6417.2537,6413.8733,6446.7879,6393.8819,6446.1818,8947692900,106000000000,0.4508,0.004508
20180109,6446.1818,6441.6841,6449.0346,6425.0274,6445.7462,7557321700,92837783216,-0.0068,-0.000068
20180110,6445.7462,6443.4609,6444.3088,6361.0948,6405.9395,8096697400,98938304429,-0.6176,-0.006176
20180111,6405.9395,6391.9041,6432.4398,6371.5436,6425.9401,7877007100,91569210698,0.3122,0.003122
20180112,6425.9401,6418.8273,6435.1946,6387.7824,6399.3737,7783455800,89777057638,-0.4134,-0.004134
20180115,6399.3737,6391.3662,6392.5174,6236.5629,6253.3759,9147403200,111000000000,-2.2814,-0.022814
20180116,6253.3759,6245.153,6301.4047,6245.1129,6301.1327,7916973400,96364861655,0.7637,0.007637
20180117,6301.1327,6288.0169,6288.1439,6202.3151,6267.4599,8419550300,99694461862,-0.5344,-0.005344
20180118,6267.4599,6253.0611,6295.7766,6253.0611,6286.8007,6501529300,76896813455,0.3086,0.003086
20180119,6286.8007,6284.5962,6316.9977,6261.2353,6272.38,7180674200,84263163776,-0.2294,-0.002294
20180122,6272.38,6264.755,6347.8147,6248.3142,6347.6383,7276116900,85475484245,1.1998,0.011998
20180123,6347.6383,6342.6884,6362.58,6330.4561,6354.9978,6675388600,80539655636,0.1159,0.001159
20180124,6354.9978,6353.2979,6395.5723,6322.9197,6394.2999,7734772700,94754084073,0.6184,0.006184
20180125,6394.2999,6386.7993,6424.3507,6380.8375,6382.7165,8108293700,95990443459,-0.1812,-0.001812
20180126,6382.7165,6374.0998,6401.4838,6368.9006,6383.6312,6900454900,82476800609,0.0143,0.000143
20180129,6383.6312,6385.0365,6398.9699,6295.8952,6309.8836,8403116100,96862079562,-1.1553,-0.011553
20180130,6309.8836,6301.3482,6330.5373,6300.4556,6313.442,7069968800,81577586589,0.0564,0.000564
20180131,6313.442,6277.7418,6277.7418,6170.1606,6189.3413,8073349500,88106213761,-1.9657,-0.019657
20180201,6189.3413,6180.9992,6196.7148,5984.2843,5984.7428,9496852400,102000000000,-3.3057,-0.033057
20180202,5984.7428,5937.6198,6006.4745,5844.4638,6004.8494,8374756100,89557325620,0.336,0.00336
20180205,6004.8494,5927.7367,6016.157,5907.4691,5998.2236,7404651900,79277070536,-0.1103,-0.001103
20180206,5998.2236,5886.3455,5920.7398,5702.8503,5704.2641,9234070900,95655940855,-4.9008,-0.049008
20180207,5704.2641,5805.965,5831.8113,5630.0868,5711.3322,8523599700,88965422773,0.1239,0.001239
20180208,5711.3322,5695.6656,5786.7852,5691.2916,5766.4797,6244479700,66338245095,0.9656,0.009656
20180209,5766.4797,5631.9603,5663.1036,5490.6248,5554.8974,8431884200,82291670302,-3.6692,-0.036692
20180212,5554.8974,5581.7113,5714.8183,5581.7113,5699.0979,5724649400,61430758213,2.5959,0.025959
20180213,5699.0979,5731.147,5789.6975,5727.754,5736.9505,5720863400,62790499693,0.6642,0.006642
20180214,5736.9505,5741.8838,5761.7685,5712.879,5754.8344,4139822200,42489982297,0.3117,0.003117
20180222,5754.8344,5800.9493,5875.7592,5797.9076,5875.7272,5963610700,61991950413,2.1007,0.021007
20180223,5875.7272,5877.7159,5902.9357,5848.5227,5897.6765,6214785000,64825103161,0.3736,0.003736
20180226,5897.6765,5926.4208,6032.1358,5917.6165,6029.6795,8307398700,92064854906,2.2382,0.022382
20180227,6029.6795,6025.8832,6042.3888,6000.881,6010.5573,7702215800,90285128512,-0.3171,-0.003171
20180228,6010.5573,5967.8977,6044.0694,5939.6425,6023.677,7098691700,82266508208,0.2183,0.002183
20180301,6023.677,5987.3591,6090.9953,5974.1183,6090.2247,7310177300,86470400022,1.1048,0.011048
20180302,6090.2247,6053.4765,6094.7976,6044.2591,6056.3354,7343482900,86135000103,-0.5565,-0.005565
20180305,6056.3354,6066.683,6080.9695,6031.9803,6064.0983,6732469300,82113731232,0.1282,0.001282
20180306,6064.0983,6077.3686,6145.8509,6070.7211,6145.5768,8349576700,99900152655,1.3436,0.013436
20180307,6145.5768,6133.9467,6149.097,6082.5838,6086.4874,7459412900,84935051857,-0.9615,-0.009615
20180308,6086.4874,6073.6712,6131.7046,6073.6712,6131.5142,6788991100,76733020342,0.7398,0.007398
20180309,6131.5142,6131.1248,6211.2784,6131.0147,6206.9754,8592834100,98413231492,1.2307,0.012307
20180312,6206.9754,6230.8127,6295.7805,6230.3909,6295.7776,9766227600,117000000000,1.4307,0.014307
20180313,6295.7776,6285.802,6297.4323,6251.3986,6254.1457,8480475800,97523497130,-0.6613,-0.006613
20180314,6254.1457,6234.2418,6253.172,6185.1784,6189.317,7546663300,87185225281,-1.0366,-0.010366
20180315,6189.317,6172.853,6203.2422,6117.5974,6180.1108,7217392100,82975054448,-0.1487,-0.001487
20180316,6180.1108,6181.381,6205.8679,6146.3058,6146.3058,6507353400,75643387216,-0.547,-0.00547
20180319,6146.3058,6142.52,6186.6139,6118.2953,6153.8339,6723321400,78681889716,0.1225,0.001225
20180320,6153.8339,6109.605,6176.4962,6091.5038,6173.6984,6747566200,78423733546,0.3228,0.003228
20180321,6173.6984,6182.109,6224.5559,6125.1353,6129.2042,7948716100,92526116108,-0.7207,-0.007207
20180322,6129.2042,6130.0482,6161.3749,6074.6568,6101.2276,6740744100,78135866726,-0.4564,-0.004564
20180323,6101.2276,5913.3683,5978.4232,5722.773,5787.1523,12136706100,121000000000,-5.1477,-0.051477
20180326,5787.1523,5715.3523,5902.9588,5675.3664,5902.9588,8477291300,91809710463,2.0011,0.020011
20180327,5902.9588,5956.2359,6043.0533,5956.2359,6034.775,8919927100,107000000000,2.2331,0.022331
20180328,6034.775,5962.5642,6036.1584,5949.1042,5973.3414,7529909400,90975268229,-1.018,-0.01018
20180329,5973.3414,5993.9722,6040.8623,5967.6342,6034.8572,6881373500,82742504256,1.0298,0.010298
20180330,6034.8572,6052.1757,6115.2732,6051.0212,6114.7382,7304648900,94445331821,1.3237,0.013237
20180402,6114.7382,6127.2334,6169.2991,6113.3388,6121.9642,8543383300,110000000000,0.1182,0.001182
20180403,6121.9642,6039.0675,6066.4443,6008.5085,6059.7089,7174988300,87808371289,-1.0169,-0.010169
20180404,6059.7089,6077.6466,6098.8378,6011.1516,6017.6863,6726019800,83134527958,-0.6935,-0.006935
20180409,6017.6863,5994.3471,6053.9687,5954.5372,6025.6493,6485182000,79255887033,0.1323,0.001323
20180410,6025.6493,6032.4888,6064.3858,5992.997,6063.7423,6942099000,81611900906,0.6322,0.006322
20180411,6063.7423,6082.0316,6110.1768,6073.22,6086.6126,6624885900,81079826331,0.3772,0.003772
20180412,6086.6126,6073.7659,6091.9834,6039.564,6051.3346,6052424000,72705100810,-0.5796,-0.005796
20180413,6051.3346,6073.8353,6093.3469,6018.0068,6027.1867,5415763600,66885602110,-0.3991,-0.003991
20180416,6027.1867,6018.1688,6053.9874,5966.1961,6012.4053,7098586100,87151671406,-0.2452,-0.002452
20180417,6012.4053,6024.5543,6038.2486,5886.023,5890.8571,7192025800,88004229071,-2.0216,-0.020216
20180418,5890.8571,5925.84,5981.3374,5826.6505,5970.6577,7620171200,98199217832,1.3547,0.013547
20180419,5970.6577,5965.2369,6041.9856,5962.7142,6004.7334,7599855600,99648952359,0.5707,0.005707
20180420,6004.7334,5984.0635,5999.0105,5872.5044,5880.8359,7239138900,90559645161,-2.0633,-0.020633
20180423,5880.8359,5885.6124,5913.5679,5761.9719,5823.9205,6395239900,81374959446,-0.9678,-0.009678
20180424,5823.9205,5825.4524,5957.8295,5825.4524,5957.1927,6795411800,85162005263,2.2884,0.022884
20180425,5957.1927,5929.405,5968.8794,5919.5228,5959.422,6038279000,78868220460,0.0374,0.000374
20180426,5959.422,5951.1919,5955.2617,5846.0802,5847.9766,6263839400,77107589606,-1.8701,-0.018701
20180427,5847.9766,5865.4419,5886.0043,5808.7832,5860.9836,5599782200,72295757676,0.2224,0.002224
20180502,5860.9836,5861.8413,5894.4595,5817.3868,5855.3233,6314702700,78765922511,-0.0966,-0.000966
20180503,5855.3233,5843.0903,5911.0865,5779.7298,5910.6058,6760449000,83816639269,0.9441,0.009441
20180504,5910.6058,5891.1201,5939.952,5883.7048,5909.2944,5546404700,73639276000,-0.0222,-0.000222
20180507,5909.2944,5921.3128,6023.1928,5918.3792,6019.1409,6403335800,83485023684,1.8589,0.018589
20180508,6019.1409,6023.5829,6042.0682,6012.1266,6041.8143,6219466600,80480596675,0.3767,0.003767
20180509,6041.8143,6034.4563,6042.906,6002.3882,6029.2329,5412415300,67413871007,-0.2082,-0.002082
20180510,6029.2329,6036.0064,6052.7094,5999.951,6040.5716,5831066500,72313749966,0.1881,0.001881
20180511,6040.5716,6044.9828,6052.5421,5989.4278,5991.3424,6384725300,76807400761,-0.815,-0.00815
20180514,5991.3424,5982.4709,6008.8875,5951.6746,5967.5541,5979819200,75641885813,-0.397,-0.00397
20180515,5967.5541,5972.1618,6021.016,5947.457,6020.5697,5472154600,69542971179,0.8884,0.008884
20180516,6020.5697,6002.7535,6045.0343,5991.3751,6004.0696,5833864000,74115190084,-0.2741,-0.002741
20180517,6004.0696,6000.7411,6010.2957,5959.7307,5973.7785,5299727300,65967379650,-0.5045,-0.005045
20180518,5973.7785,5968.5598,6000.9482,5932.1295,5995.1497,5786827400,70899023731,0.3578,0.003578
20180521,5995.1497,6034.4261,6080.8222,6034.0581,6072.1991,7072245100,86933285890,1.2852,0.012852
20180522,6072.1991,6066.2505,6092.9069,6052.0902,6092.9069,6226685200,74429137265,0.341,0.00341
20180523,6092.9069,6080.7259,6081.533,6012.4165,6013.8472,6784586800,82629862738,-1.2976,-0.012976
20180524,6013.8472,6014.021,6028.5017,5986.7233,5992.6209,5371180800,67066127743,-0.353,-0.00353
20180525,5992.6209,5983.9402,5992.4798,5909.0449,5917.7978,5779380900,69492013355,-1.2486,-0.012486
20180528,5917.7978,5910.4817,5938.0723,5858.2716,5891.2627,5781012200,68653122203,-0.4484,-0.004484
20180529,5891.2627,5884.5898,5921.7203,5832.5523,5835.4456,5617992900,67901925168,-0.9475,-0.009475
20180530,5835.4456,5759.449,5778.0424,5675.9116,5682.5881,6852788500,76127637098,-2.6195,-0.026195
20180531,5682.5881,5722.9475,5760.2038,5672.183,5754.4746,5600885400,65192215184,1.265,0.01265
20180601,5754.4746,5729.9177,5759.4979,5654.8402,5685.1155,5383357100,61533903644,-1.2053,-0.012053
20180604,5685.1155,5692.9699,5707.4932,5652.1361,5683.1486,4675028200,54050300213,-0.0346,-0.000346
20180605,5683.1486,5681.2157,5779.862,5680.4942,5779.0778,4741047000,56450385318,1.688,0.01688
20180606,5779.0778,5770.7144,5784.6061,5748.701,5774.2575,4818250800,56304602756,-0.0834,-0.000834
20180607,5774.2575,5786.4601,5798.3297,5734.6345,5738.0176,4737619100,54089371806,-0.6276,-0.006276
20180608,5738.0176,5731.8389,5731.8389,5630.6578,5669.3031,5292555500,58767162890,-1.1975,-0.011975
20180611,5669.3031,5657.6488,5672.6279,5612.8656,5632.3566,4310969100,48746492299,-0.6517,-0.006517
20180612,5632.3566,5638.3479,5693.6129,5594.9231,5693.3461,4664535800,54189505137,1.0828,0.010828
20180613,5693.3461,5678.8092,5679.6739,5605.5454,5607.0173,4923421400,53944405090,-1.5163,-0.015163
20180614,5607.0173,5590.5682,5645.194,5570.8344,5586.9314,4441970900,49865462908,-0.3582,-0.003582
20180615,5586.9314,5582.8396,5593.6872,5448.0748,5483.9446,5644857400,59537596124,-1.8434,-0.018434
20180619,5483.9446,5396.6847,5409.4108,5070.2182,5141.7095,8298635300,76922845435,-6.2407,-0.062407
20180620,5141.7095,5114.0613,5222.8827,5090.2209,5198.3935,6032941700,57106400037,1.1024,0.011024
20180621,5198.3935,5196.1295,5244.6532,5086.931,5089.2522,6324047800,60429343501,-2.0995,-0.020995
20180622,5089.2522,5052.436,5165.0353,5017.509,5160.1228,5168920600,49898726274,1.3926,0.013926
20180625,5160.1228,5196.6483,5211.7609,5121.2091,5125.0333,4786081100,46663143997,-0.68,-0.0068
20180626,5125.0333,5059.3834,5170.1673,5044.2434,5160.2829,5106658700,49773352500,0.6878,0.006878
20180627,5160.2829,5159.6219,5188.2017,5089.711,5109.4975,4985784100,48613424210,-0.9842,-0.009842
20180628,5109.4975,5097.5086,5150.655,5050.324,5055.1093,4776751800,46664972984,-1.0645,-0.010645
20180629,5055.1093,5061.0885,5218.9061,5054.0532,5217.7643,5723493700,57894812193,3.2176,0.032176
20180702,5217.7643,5216.8532,5238.6382,5100.8747,5138.7826,5524892900,58629477981,-1.5137,-0.015137
20180703,5138.7826,5138.5477,5203.3646,5054.6573,5197.1313,6142423300,64268450148,1.1355,0.011355
20180704,5197.1313,5171.1897,5180.2744,5102.782,5121.3436,5385995100,53143823675,-1.4583,-0.014583
20180705,5121.3436,5109.1425,5126.4735,4981.7793,4982.7627,5292741400,52638805703,-2.7059,-0.027059
20180706,4982.7627,4981.983,5061.0439,4897.2582,4996.6299,6134025500,62083400326,0.2783,0.002783
20180709,4996.6299,5007.213,5107.8749,5007.213,5107.5507,5293715900,55786376988,2.2199,0.022199
20180710,5107.5507,5114.1215,5141.713,5094.2862,5136.5326,5222766900,54565886989,0.5674,0.005674
20180711,5136.5326,5060.0722,5070.4863,4973.9884,5036.1565,5891526200,58812377652,-1.9542,-0.019542
20180712,5036.1565,5029.2944,5184.0235,5029.2944,5172.5032,6808956600,71215041001,2.7074,0.027074
20180713,5172.5032,5174.5091,5207.3602,5167.1585,5204.1855,5635421000,61214640120,0.6125,0.006125
20180716,5204.1855,5201.528,5216.5644,5170.2219,5195.2002,5166737200,57488249263,-0.1727,-0.001727
20180717,5195.2002,5189.1488,5196.1969,5132.2064,5196.1969,4824332200,52610201449,0.0192,0.000192
20180718,5196.1969,5198.8899,5220.1757,5156.6363,5156.6363,5525713400,57391510843,-0.7613,-0.007613
20180719,5156.6363,5153.3769,5179.727,5088.1243,5111.3271,5048393400,51462192224,-0.8787,-0.008787
20180720,5111.3271,5105.6524,5184.8744,5072.1645,5175.2516,5786851400,58971319074,1.2506,0.012506
20180723,5175.2516,5146.6187,5214.3806,5132.3831,5214.0038,6848431500,71205888480,0.7488,0.007488
20180724,5214.0038,5213.3942,5315.6706,5211.9422,5304.641,8820181600,89531029280,1.7383,0.017383
20180725,5304.641,5308.0154,5332.616,5294.4201,5308.6569,7485086000,72266872320,0.0757,0.000757
20180726,5308.6569,5307.3043,5318.8808,5262.3114,5273.4789,7512024000,65271805645,-0.6627,-0.006627
20180727,5273.4789,5270.2317,5281.351,5230.1017,5249.2904,6171588700,54149400064,-0.4587,-0.004587
20180730,5249.2904,5244.7718,5255.1878,5167.4021,5185.151,6083602400,58367011438,-1.2219,-0.012219
20180731,5185.151,5182.8265,5208.3796,5163.6611,5188.7166,4949635600,49340085644,0.0688,0.000688
20180801,5188.7166,5198.4559,5233.5012,5105.3741,5105.3741,6036948500,58600856450,-1.6062,-0.016062
20180802,5105.3741,5094.3419,5094.3419,4887.5023,4996.012,7439032500,67786089635,-2.1421,-0.021421
20180803,4996.012,4982.894,5008.2403,4929.75,4929.75,5073579700,48281908095,-1.3263,-0.013263
20180806,4929.75,4919.5015,4941.1774,4798.85,4825.2508,5245522000,51046892567,-2.1198,-0.021198
20180807,4825.2508,4836.3133,4956.8718,4797.4529,4956.8718,5914578000,55813440682,2.7278,0.027278
20180808,4956.8718,4940.7793,4952.4185,4877.6644,4880.5694,5808305100,53408613615,-1.5393,-0.015393
20180809,4880.5694,4862.1543,5030.1616,4856.4815,5004.7733,6826483300,64727844418,2.5449,0.025449
20180810,5004.7733,5000.0489,5037.493,4990.8297,5030.5148,5318501200,53025202318,0.5143,0.005143
20180813,5030.5148,4981.3434,5064.0215,4958.8879,5055.2753,5572265200,57931356663,0.4922,0.004922
20180814,5055.2753,5043.89,5061.4064,5016.3217,5037.8831,4637591200,47977087129,-0.344,-0.00344
20180815,5037.8831,5035.5656,5038.7747,4929.1978,4932.8063,5334998500,49219326097,-2.0857,-0.020857
20180816,4932.8063,4876.6946,4943.2003,4836.0505,4888.3712,5239384400,47422713812,-0.9008,-0.009008
20180817,4888.3712,4923.4353,4941.1012,4793.7669,4803.0285,5170797400,47777882689,-1.7458,-0.017458
20180820,4803.0285,4794.2367,4832.9089,4736.5592,4832.6512,5163111200,47753724289,0.6168,0.006168
20180821,4832.6512,4831.2092,4901.1166,4816.8528,4891.9801,4973790400,48883527002,1.2277,0.012277
20180822,4891.9801,4877.0124,4878.8189,4829.6051,4837.0183,4392226700,41150044535,-1.1235,-0.011235
20180823,4837.0183,4832.0069,4885.8114,4821.1107,4863.6651,4726381100,47302482149,0.5509,0.005509
20180824,4863.6651,4853.8649,4880.891,4831.8874,4852.2887,4389810000,41741677834,-0.2339,-0.002339
20180827,4852.2887,4859.1248,4964.4514,4859.1248,4960.0655,5854579900,58402040239,2.2212,0.022212
20180828,4960.0655,4964.7342,4983.9404,4954.1656,4974.2072,5346544000,53028656165,0.2851,0.002851
20180829,4974.2072,4972.0849,4974.1638,4929.4589,4941.9607,5327221200,45121110906,-0.6483,-0.006483
20180830,4941.9607,4937.6506,4952.6076,4861.0555,4867.1214,5415846200,47422496786,-1.5144,-0.015144
20180831,4867.1214,4854.9649,4862.4442,4805.207,4814.8237,4801205400,42052874631,-1.0745,-0.010745
20180903,4814.8237,4808.3791,4840.1523,4754.8097,4838.873,5290260200,46495749586,0.4995,0.004995
20180904,4838.873,4833.8785,4905.016,4828.5239,4890.2806,6102491400,54969300206,1.0624,0.010624
20180905,4890.2806,4877.1141,4886.2734,4814.9568,4815.0343,5840354300,47239977655,-1.5387,-0.015387
20180906,4815.0343,4800.935,4849.1761,4773.8777,4793.3454,4586849400,44572540920,-0.4504,-0.004504
20180907,4793.3454,4796.8356,4867.5336,4759.4919,4791.7779,5360007200,53242803442,-0.0327,-0.000327
20180910,4791.7779,4792.5991,4794.0136,4701.289,4704.8782,5132647500,45376003771,-1.8135,-0.018135
20180911,4704.8782,4702.8347,4738.2588,4669.4177,4702.9032,4996800700,42215660888,-0.042,-0.00042
20180912,4702.9032,4700.8996,4733.5829,4681.1267,4693.9743,4254088200,38524810760,-0.1899,-0.001899
20180913,4693.9743,4727.4302,4752.8965,4655.2143,4721.2121,5569210200,47279214488,0.5803,0.005803
20180914,4721.2121,4720.7775,4724.003,4669.9429,4670.0799,5644793000,44931921146,-1.083,-0.01083
20180917,4670.0799,4649.9497,4649.9497,4586.3157,4602.3901,4933894600,37905863065,-1.4494,-0.014494
20180918,4602.3901,4588.2344,4684.2885,4584.4336,4683.5056,5443232600,44579158885,1.7625,0.017625
20180919,4683.5056,4673.9479,4772.9524,4664.1301,4736.8934,6705585600,55671375969,1.1399,0.011399
20180920,4736.8934,4734.4822,4761.4084,4723.3049,4733.4806,5639897400,43574339400,-0.072,-0.00072
20180921,4733.4806,4743.8051,4813.2902,4721.6883,4805.2151,6589519600,52507709799,1.5155,0.015155
20180925,4805.2151,4774.7923,4810.3431,4763.2055,4792.5507,5265424000,42641650959,-0.2636,-0.002636
20180926,4792.5507,4794.0697,4841.7044,4782.3906,4815.6306,6471955600,51709759382,0.4816,0.004816
20180927,4815.6306,4812.6445,4817.6168,4754.2773,4755.3803,6143767200,47097829211,-1.2511,-0.012511
20180928,4755.3803,4762.3345,4802.1578,4746.1771,4800.7287,5726864000,45938739634,0.9536,0.009536
20181008,4800.7287,4722.4176,4737.2892,4639.4004,4646.4929,6327566400,49494827742,-3.2128,-0.032128
20181009,4646.4929,4652.4876,4685.2177,4612.6352,4634.8939,5043745400,41244020750,-0.2496,-0.002496
20181010,4634.8939,4634.6392,4655.5462,4586.8864,4629.8877,5133963700,39541080144,-0.108,-0.00108
20181011,4629.8877,4483.2662,4503.1983,4274.6995,4307.4208,9056360100,64480315025,-6.9649,-0.069649
20181012,4307.4208,4267.3555,4300.0061,4136.6293,4278.0353,8152514900,56700633804,-0.6822,-0.006822
20181015,4278.0353,4283.3557,4317.7101,4195.8308,4199.1532,6229184800,44849001651,-1.8439,-0.018439
20181016,4199.1532,4193.3791,4221.3422,4076.8707,4099.6831,6107665900,44015881331,-2.3688,-0.023688
20181017,4099.6831,4147.3455,4167.7603,4038.4243,4133.3832,6952388100,47137717264,0.822,0.00822
20181018,4133.3832,4104.3335,4104.3335,4013.6486,4018.4614,5978391100,40382606949,-2.7803,-0.027803
20181019,4018.4614,3958.4458,4130.9325,3948.5593,4127.9854,6956157800,49937027368,2.7255,0.027255
20181022,4127.9854,4165.7571,4375.5985,4165.7571,4333.1445,9295831900,69510999529,4.97,0.0497
20181023,4333.1445,4336.4461,4350.7285,4228.3294,4253.5561,7466806500,54448393797,-1.8367,-0.018367
20181024,4253.5561,4233.8377,4297.3708,4207.1648,4245.4884,6282348200,44264708175,-0.1897,-0.001897
20181025,4245.4884,4124.1854,4240.5841,4103.5602,4234.4208,6968720600,48371839270,-0.2607,-0.002607
20181026,4234.4208,4260.9102,4294.5553,4217.7896,4233.9585,6798362100,46824099369,-0.0109,-0.000109
20181029,4233.9585,4220.635,4227.6435,4144.8064,4162.5255,5745157000,41278101419,-1.6871,-0.016871
20181030,4162.5255,4145.3966,4233.7942,4096.136,4204.5424,7283465000,52308156538,1.0094,0.010094
20181031,4204.5424,4207.7588,4298.2426,4204.3595,4272.5518,7468776500,53243305593,1.6175,0.016175
20181101,4272.5518,4299.4595,4367.7304,4294.8669,4298.9837,8605914200,65004691638,0.6186,0.006186
20181102,4298.9837,4366.734,4437.9818,4360.8748,4437.9456,9689216800,75808808224,3.2324,0.032324
20181105,4437.9456,4427.6324,4466.1357,4375.0414,4440.8274,8777727700,66155141568,0.0649,0.000649
20181106,4440.8274,4427.3572,4440.1054,4385.3273,4438.0965,6980304900,51219256984,-0.0615,-0.000615
20181107,4438.0965,4437.7218,4479.6944,4414.0703,4415.136,7808636800,58896533555,-0.5174,-0.005174
20181108,4415.136,4442.6555,4450.9818,4379.8833,4382.3286,7214535500,51522224308,-0.7431,-0.007431
20181109,4382.3286,4363.2135,4396.3932,4348.8119,4368.6143,6742496000,45846347515,-0.3129,-0.003129
20181112,4368.6143,4360.6321,4481.7736,4354.4675,4481.6881,8699053600,59949621268,2.5883,0.025883
20181113,4481.6881,4430.9498,4588.4964,4422.9479,4563.5351,12871036300,84982054207,1.8263,0.018263
20181114,4563.5351,4551.7973,4600.1289,4534.5243,4545.5089,11259883000,74023764776,-0.395,-0.00395
20181115,4545.5089,4540.8808,4619.8141,4539.9556,4619.8141,9830520000,69668883541,1.6347,0.016347
20181116,4619.8141,4625.0038,4691.5609,4609.8319,4659.0965,11067182400,82381068855,0.8503,0.008503
20181119,4659.0965,4660.475,4677.9674,4612.4837,4670.737,11101510600,82549163316,0.2498,0.002498
20181120,4670.737,4629.1263,4645.9,4535.8739,4537.4493,10312422500,76300239207,-2.8537,-0.028537
20181121,4537.4493,4483.378,4564.5342,4476.4164,4554.6747,9015662700,65298600566,0.3796,0.003796
20181122,4554.6747,4562.6424,4583.3734,4528.2409,4551.3264,7527499300,54157291828,-0.0735,-0.000735
20181123,4551.3264,4542.1102,4547.5147,4365.3486,4374.7644,9207482800,64245132838,-3.8794,-0.038794
20181126,4374.7644,4371.4238,4408.1135,4347.7472,4367.4619,6858469900,45641649803,-0.1669,-0.001669
20181127,4367.4619,4393.2898,4416.357,4361.0232,4387.6515,6235271000,43832226111,0.4623,0.004623
20181128,4387.6515,4389.8322,4441.8569,4333.0553,4441.8569,7250793100,50581746734,1.2354,0.012354
20181129,4441.8569,4462.7925,4473.3074,4344.9003,4345.703,7710248100,52609677007,-2.1647,-0.021647
20181130,4345.703,4334.0405,4385.0031,4291.8111,4376.6511,6384878900,44026264210,0.7122,0.007122
20181203,4376.6511,4483.6634,4536.8317,4460.3878,4515.1735,9626575200,72617444583,3.165,0.03165
20181204,4515.1735,4506.2466,4538.423,4492.0568,4536.2104,7628021300,56315559771,0.4659,0.004659
20181205,4536.2104,4456.1979,4532.2794,4445.9731,4502.7021,7427597300,55251925549,-0.7387,-0.007387
20181206,4502.7021,4476.8102,4483.3157,4405.8361,4411.0884,6604759600,52051360375,-2.0346,-0.020346
20181207,4411.0884,4419.6086,4432.3298,4397.4243,4410.9593,5175505400,41253201540,-0.0029,-0.000029
20181210,4410.9593,4381.3803,4396.4047,4350.2267,4359.3122,5394034800,40103184692,-1.1709,-0.011709
20181211,4359.3122,4373.0273,4398.063,4365.1182,4395.5702,5043078100,37194242182,0.8317,0.008317
20181212,4395.5702,4408.9142,4417.6041,4381.3236,4393.324,4809361200,35826068754,-0.0511,-0.000511
20181213,4393.324,4405.0861,4471.2565,4378.4604,4443.1572,6361391000,47775555072,1.1343,0.011343
20181214,4443.1572,4436.0023,4439.0458,4331.3785,4337.1025,6578654600,47335305358,-2.3869,-0.023869
20181217,4337.1025,4322.5935,4341.2033,4285.2144,4330.6465,5150281500,38561891398,-0.1489,-0.001489
20181218,4330.6465,4308.0478,4339.4043,4266.4517,4307.2675,5130347800,37327896872,-0.5399,-0.005399
20181219,4307.2675,4311.2792,4315.1081,4245.1504,4247.8991,4626017400,33854346744,-1.3783,-0.013783
20181220,4247.8991,4240.3729,4274.0116,4225.1345,4259.7614,4696785200,34730999574,0.2793,0.002793
20181221,4259.7614,4246.4287,4260.289,4204.486,4231.144,4711042500,35374801447,-0.6718,-0.006718
20181224,4231.144,4227.354,4276.9745,4215.0226,4274.7218,4184194100,32706121620,1.0299,0.010299
20181225,4274.7218,4233.5432,4244.9521,4132.7639,4225.5124,6038367300,43750314456,-1.1512,-0.011512
20181226,4225.5124,4218.6618,4241.3508,4194.305,4208.4053,4503293300,34328585011,-0.4049,-0.004049
20181227,4208.4053,4263.3345,4272.8081,4159.7661,4161.2702,5421939300,40327766018,-1.12,-0.0112
20181228,4161.2702,4168.9399,4192.6955,4138.9346,4168.0363,4996418500,37350056815,0.1626,0.001626
20190102,4168.0363,4176.1098,4179.7233,4125.9356,4131.9567,4749444900,35572462261,-0.8656,-0.008656
20190103,4131.9567,4131.6949,4182.1983,4110.527,4112.807,5549124400,41103713166,-0.4635,-0.004635
20190104,4112.807,4075.6217,4210.8786,4071.6898,4210.8786,7344873700,52230681319,2.3845,0.023845
20190107,4210.8786,4235.0346,4297.0238,4223.4585,4288.3234,8115345000,59231303976,1.8392,0.018392
20190108,4288.3234,4278.2802,4289.6278,4264.6001,4277.2967,6955693700,49700132327,-0.2571,-0.002571
20190109,4277.2967,4286.231,4354.1986,4280.6556,4288.7717,8515359500,61510931891,0.2683,0.002683
20190110,4288.7717,4289.5591,4319.4941,4274.1955,4281.8606,6891088900,49243142091,-0.1611,-0.001611
20190111,4281.8606,4282.3935,4316.5413,4267.2889,4314.8757,6835508500,46599960152,0.771,0.00771
20190114,4314.8757,4317.5239,4325.9474,4278.761,4286.5474,6767961400,44765955490,-0.6565,-0.006565
20190115,4286.5474,4282.9863,4350.9338,4271.6362,4347.3555,7200518100,50608143347,1.4186,0.014186
20190116,4347.3555,4347.0758,4364.0963,4330.7437,4336.8779,6927474400,50030063790,-0.241,-0.00241
20190117,4336.8779,4334.6309,4347.1786,4297.6681,4303.7308,7456211300,48421136078,-0.7643,-0.007643
20190118,4303.7308,4307.1386,4351.4382,4297.4773,4347.8112,8337161100,55476936297,1.0242,0.010242
20190121,4347.8112,4354.6997,4395.0631,4352.8102,4373.6333,7278153100,52937642778,0.5939,0.005939
20190122,4373.6333,4370.8568,4370.8568,4291.9624,4308.2518,6949667200,47826602461,-1.4949,-0.014949
20190123,4308.2518,4298.938,4322.8895,4292.0872,4315.6846,5848573500,40571874370,0.1725,0.001725
20190124,4315.6846,4318.7091,4363.2181,4292.8296,4338.17,7063030500,51572057927,0.521,0.00521
20190125,4338.17,4341.4133,4359.4637,4315.9525,4318.4417,7165747800,52504910506,-0.4548,-0.004548
20190128,4318.4417,4341.4922,4370.898,4297.9632,4307.2196,6727993500,49287478132,-0.2599,-0.002599
20190129,4307.2196,4301.4692,4301.4692,4188.594,4254.2875,7775372700,54223809273,-1.2289,-0.012289
20190130,4254.2875,4235.2746,4266.8811,4211.1908,4211.6235,5851377000,42466758483,-1.0028,-0.010028
20190131,4211.6235,4203.9772,4240.7162,4151.414,4176.4739,7151120500,47694716159,-0.8346,-0.008346
20190201,4176.4739,4189.1098,4295.0379,4189.1098,4294.2696,6609967700,47693471397,2.8205,0.028205
20190211,4294.2696,4306.2006,4403.7282,4306.2006,4402.8668,7529735600,56743679262,2.5289,0.025289
20190212,4402.8668,4398.4427,4452.5007,4394.8339,4439.485,8527115600,61588925289,0.8317,0.008317
20190213,4439.485,4442.7279,4526.2699,4433.0271,4512.4088,11321890300,82940466826,1.6426,0.016426
20190214,4512.4088,4507.8406,4555.2331,4494.5521,4532.1699,9482853300,70164059523,0.4379,0.004379
20190215,4532.1699,4523.9449,4544.3864,4497.3858,4502.7348,9351160700,67254618818,-0.6495,-0.006495
20190218,4502.7348,4527.9685,4660.999,4527.9685,4660.999,12412400400,92189941713,3.5148,0.035148
20190219,4660.999,4683.3252,4706.5253,4614.2779,4667.2836,14387476800,106000000000,0.1348,0.001348
20190220,4667.2836,4667.3534,4677.9779,4619.46,4667.6243,12021312900,87303394555,0.0073,0.000073
20190221,4667.6243,4666.2814,4750.418,4643.1096,4659.1431,14595111300,111000000000,-0.1817,-0.001817
20190222,4659.1431,4651.538,4777.2977,4649.2158,4777.2977,14616614200,112000000000,2.536,0.02536
20190225,4777.2977,4840.5434,5045.0755,4835.4825,5044.3466,24178357900,191000000000,5.59,0.0559
20190226,5044.3466,5059.284,5149.6229,5004.552,5038.5435,26283326500,196000000000,-0.115,-0.00115
20190227,5038.5435,5027.3875,5093.7952,4964.623,5017.8842,20885408700,155000000000,-0.41,-0.0041
20190228,5017.8842,5017.4403,5072.6687,4994.0501,5025.2913,15604287700,117000000000,0.1476,0.001476
20190301,5025.2913,5047.2277,5067.3068,4984.993,5067.225,14982833000,113000000000,0.8345,0.008345
20190304,5067.225,5112.9515,5253.388,5108.2823,5158.2467,23244686400,184000000000,1.7963,0.017963
20190305,5158.2467,5146.6204,5295.2878,5125.154,5295.2878,20689126100,168000000000,2.6567,0.026567
20190306,5295.2878,5328.1279,5395.554,5256.7934,5390.0294,26496431800,210000000000,1.7892,0.017892
20190307,5390.0294,5381.2266,5512.6438,5353.5735,5458.6153,26696722000,215000000000,1.2725,0.012725
20190308,5458.6153,5340.1057,5480.1728,5245.5313,5245.6999,28568024900,230000000000,-3.9005,-0.039005
20190311,5245.6999,5279.7507,5456.4199,5272.1903,5456.381,21425221300,186000000000,4.0163,0.040163
20190312,5456.381,5500.9359,5591.6863,5458.7596,5551.0029,24933399300,216000000000,1.7342,0.017342
20190313,5551.0029,5557.1556,5557.1556,5388.2464,5424.8642,22434923600,201000000000,-2.2724,-0.022724
20190314,5424.8642,5381.11,5432.5207,5236.7529,5298.5024,17860867900,154000000000,-2.3293,-0.023293
20190315,5298.5024,5328.8085,5418.3293,5308.0621,5359.0087,15284646500,140000000000,1.142,0.01142
20190318,5359.0087,5387.3756,5501.183,5333.2557,5501.183,17265525500,154000000000,2.653,0.02653
20190319,5501.183,5505.6985,5555.1227,5486.7986,5522.1801,16671393100,150000000000,0.3817,0.003817
20190320,5522.1801,5518.3087,5533.0525,5415.7549,5515.7856,17682073500,154000000000,-0.1158,-0.001158
20190321,5515.7856,5525.9922,5634.6618,5513.392,5589.478,20715004500,184000000000,1.336,0.01336
20190322,5589.478,5591.0427,5625.095,5505.8058,5622.1402,18195482300,169000000000,0.5844,0.005844
20190325,5622.1402,5521.251,5629.2277,5507.3576,5549.6711,17843293700,166000000000,-1.289,-0.01289
20190326,5549.6711,5571.5251,5589.4127,5380.8535,5394.8787,17616473000,161000000000,-2.7892,-0.027892
20190327,5394.8787,5431.9779,5447.8795,5333.7848,5447.8795,14495660800,135000000000,0.9824,0.009824
20190328,5447.8795,5432.9438,5487.7654,5370.1234,5370.1234,14926108200,141000000000,-1.4273,-0.014273
20190329,5370.1234,5370.4209,5550.7601,5346.2139,5547.6561,17833301700,165000000000,3.3059,0.033059
20190401,5547.6561,5591.6651,5763.5806,5591.6651,5757.8379,22118163100,208000000000,3.7887,0.037887
20190402,5757.8379,5794.7878,5833.0223,5750.3296,5775.5497,22875028400,216000000000,0.3076,0.003076
20190403,5775.5497,5744.2215,5843.468,5724.1257,5836.0369,19910476300,182000000000,1.0473,0.010473
20190404,5836.0369,5868.3919,5894.9882,5813.4624,5871.5575,20883485900,197000000000,0.6086,0.006086
20190408,5871.5575,5921.2105,5939.4979,5765.9069,5847.6296,23831746600,223000000000,-0.4075,-0.004075
20190409,5847.6296,5834.29,5877.84,5798.3736,5858.0464,17936350200,169000000000,0.1781,0.001781
20190410,5858.0464,5826.0258,5906.4273,5782.3689,5850.7609,17875360700,173000000000,-0.1244,-0.001244
20190411,5850.7609,5852.636,5866.9221,5720.5516,5727.1749,16587607300,157000000000,-2.1123,-0.021123
20190412,5727.1749,5720.0481,5749.3368,5673.7447,5714.3676,14007834100,126000000000,-0.2236,-0.002236
20190415,5714.3676,5795.5011,5815.3916,5654.3441,5655.9825,15775413600,148000000000,-1.0217,-0.010217
20190416,5655.9825,5625.1221,5777.0111,5583.6142,5777.0111,15602963200,147000000000,2.1398,0.021398
20190417,5777.0111,5776.6352,5840.6249,5757.9952,5807.7288,16980015500,159000000000,0.5317,0.005317
20190418,5807.7288,5804.3014,5826.6736,5762.5678,5775.171,15132250500,141000000000,-0.5606,-0.005606
20190419,5775.171,5762.5009,5810.1798,5710.7953,5810.1798,14872428900,134000000000,0.6062,0.006062
20190422,5810.1798,5821.0229,5824.5207,5704.9769,5723.0417,15816102600,143000000000,-1.4997,-0.014997
20190423,5723.0417,5710.7334,5710.7334,5610.7353,5628.0624,14987146100,134000000000,-1.6596,-0.016596
20190424,5628.0624,5636.4016,5682.4788,5568.408,5679.7256,13478441200,122000000000,0.918,0.00918
20190425,5679.7256,5652.0056,5662.7898,5457.8254,5458.4194,15140171800,132099000000,-3.8964,-0.038964
20190426,5458.4194,5427.6228,5496.0353,5407.1942,5408.0306,12427988000,108971000000,-0.9231,-0.009231
20190429,5408.0306,5405.1641,5421.6568,5252.0486,5265.6011,13867238700,119713000000,-2.6337,-0.026337
20190430,5265.6011,5244.0447,5349.9438,5244.0447,5307.56,10219034000,90849649254,0.7968,0.007968
20190506,5307.56,5122.4696,5125.1616,4874.6433,4908.7984,14338623300,116598000000,-7.5131,-0.075131
20190507,4908.7984,4933.0425,4990.1939,4886.0568,4973.4043,11657368700,97660954760,1.3161,0.013161
20190508,4973.4043,4865.7878,5028.526,4842.5603,4947.7419,10773812100,88503433406,-0.516,-0.00516
20190509,4947.7419,4897.9781,4955.7835,4879.6945,4888.4128,9093465600,75438861419,-1.1991,-0.011991
20190510,4888.4128,4940.4814,5064.323,4842.6072,5064.323,12217748300,103927000000,3.5985,0.035985
20190513,5064.323,5009.4748,5040.5037,4985.1882,5005.9044,9173639400,81269399675,-1.1535,-0.011535
20190514,5005.9044,4942.3937,5018.4131,4941.9271,4965.6124,8754096900,78269150192,-0.8049,-0.008049
20190515,4965.6124,5002.6051,5086.7298,4999.3368,5076.555,9746386000,88150026771,2.2342,0.022342
20190516,5076.555,5071.1085,5118.4448,5059.2068,5108.3588,10442216600,91206178691,0.6265,0.006265
20190517,5108.3588,5112.2411,5116.9934,4923.6727,4942.5792,11907121300,103931000000,-3.2453,-0.032453
20190520,4942.5792,4937.1767,4947.7455,4835.8087,4923.5589,9568649700,84271517275,-0.3848,-0.003848
20190521,4923.5589,4917.3424,5026.2842,4904.8232,5009.8725,10083707300,91301255168,1.7531,0.017531
20190522,5009.8725,5002.1602,5018.1092,4941.0098,4976.3929,9409270900,86507936443,-0.6683,-0.006683
20190523,4976.3929,4955.2522,4957.9863,4860.1881,4872.9202,9056368100,82582767292,-2.0793,-0.020793
20190524,4872.9202,4848.5757,4892.4587,4831.3352,4841.7573,7793343600,69305381771,-0.6395,-0.006395
20190527,4841.7573,4848.6417,4974.2676,4824.142,4962.947,9307641400,81678357211,2.503,0.02503
20190528,4962.947,4965.5908,5002.2491,4933.8967,4955.4855,9026398900,83641973469,-0.1503,-0.001503
20190529,4955.4855,4943.5678,4992.9887,4930.4307,4956.8638,8587685200,78641296291,0.0278,0.000278
20190530,4956.8638,4933.5006,4933.8544,4865.7753,4926.403,9477960200,80822550059,-0.6145,-0.006145
20190531,4926.403,4923.9199,4969.0513,4902.7379,4912.0005,8671672900,75731116074,-0.2924,-0.002924
20190603,4912.0005,4921.7084,4942.0652,4838.3523,4853.8153,9854083000,83580691984,-1.1846,-0.011846
20190604,4853.8153,4847.6634,4853.8105,4768.0393,4795.4129,8675165300,77250794625,-1.2032,-0.012032
20190605,4795.4129,4837.895,4850.8038,4777.9781,4783.8245,8130016500,72772853683,-0.2417,-0.002417
20190606,4783.8245,4776.4896,4776.6879,4668.5413,4678.7844,8341693100,70429637482,-2.1957,-0.021957
20190610,4678.7844,4693.7633,4750.5423,4662.7808,4725.2643,7336138100,63265364509,0.9934,0.009934
20190611,4725.2643,4730.8093,4903.8673,4728.4832,4901.4723,11681144600,99669915566,3.7291,0.037291
20190612,4901.4723,4889.3606,4917.0919,4852.9834,4863.4922,10784756100,94685225285,-0.7749,-0.007749
20190613,4863.4922,4855.5398,4892.5811,4831.5194,4877.6505,9617253800,79697102665,0.2911,0.002911
20190614,4877.6505,4880.2264,4893.9284,4786.195,4795.5267,10280389400,83140662638,-1.6837,-0.016837
20190617,4795.5267,4796.1203,4826.5959,4779.6429,4802.8185,7336113800,64090002526,0.1521,0.001521
20190618,4802.819,4804.302,4825.625,4773.55,4797.147,6656113800,56790002526,-0.1181,-0.001181
20190619,,4902.96,,,,,,,
20190620,,4853.21,,,,,,,
